article_id,instrument,evaluation_timestamp,prediction,realized,score,correct,primary_error_category,secondary_error_category,news,momentum,volume
123,US:GOOGL,2020-05-20 00:00:00,NEUTRAL,BEARISH,0.0462435328301105,False,NEUTRAL_BAND_MISS,INSUFFICIENT_DIRECTIONAL_EVIDENCE,0.0,0.2115084293539034,0.052466774348947254
124,US:GOOGL,2020-05-20 00:00:00,NEUTRAL,BEARISH,0.0462435328301105,False,NEUTRAL_BAND_MISS,INSUFFICIENT_DIRECTIONAL_EVIDENCE,0.0,0.2115084293539034,0.052466774348947254
125,US:GOOGL,2020-05-20 00:00:00,NEUTRAL,BEARISH,0.0462435328301105,False,NEUTRAL_BAND_MISS,INSUFFICIENT_DIRECTIONAL_EVIDENCE,0.0,0.2115084293539034,0.052466774348947254
126,US:GOOGL,2020-05-21 00:00:00,NEUTRAL,BULLISH,0.1434220791302254,False,NEUTRAL_BAND_MISS,INSUFFICIENT_DIRECTIONAL_EVIDENCE,0.0,0.6841792625824811,0.06403679462232448
155,US:NVDA,2020-05-21 00:00:00,BULLISH,BULLISH,0.3067629111611695,True,CORRECT,,0.4961178617490853,0.6868153267175234,0.12629087963160368
156,US:NVDA,2020-05-21 00:00:00,BULLISH,BULLISH,0.3067629111611695,True,CORRECT,,0.4961178617490853,0.6868153267175234,0.12629087963160368
51,US:AAPL,2020-05-26 00:00:00,BEARISH,BULLISH,-0.2639733061992134,False,NEWS_MARKET_CONFLICT,,-1.0,0.33925113985495103,-0.21263566719312937
130,US:GOOGL,2020-05-26 00:00:00,BULLISH,NEUTRAL,0.4005222436663243,False,NEWS_MARKET_AGREE_WRONG,,1.0,0.36767860937233554,0.07922047290524203
131,US:GOOGL,2020-05-26 00:00:00,BULLISH,NEUTRAL,0.4005222436663243,False,NEWS_MARKET_AGREE_WRONG,,1.0,0.36767860937233554,0.07922047290524203
178,US:NVDA,2020-05-26 00:00:00,BULLISH,BEARISH,0.4076877467017037,False,NEWS_MARKET_AGREE_WRONG,,0.7500805130085966,0.6752828511581013,0.5
179,US:NVDA,2020-05-26 00:00:00,BULLISH,BEARISH,0.4076877467017037,False,NEWS_MARKET_AGREE_WRONG,,0.7500805130085966,0.6752828511581013,0.5
180,US:NVDA,2020-05-26 00:00:00,BULLISH,BEARISH,0.4076877467017037,False,NEWS_MARKET_AGREE_WRONG,,0.7500805130085966,0.6752828511581013,0.5
181,US:NVDA,2020-05-26 00:00:00,BULLISH,BEARISH,0.4076877467017037,False,NEWS_MARKET_AGREE_WRONG,,0.7500805130085966,0.6752828511581013,0.5
52,US:AAPL,2020-05-27 00:00:00,BULLISH,NEUTRAL,0.2411532053503199,False,NEWS_MARKET_AGREE_WRONG,,0.6150336326651326,0.2010519832283712,0.04768802790509957
53,US:AAPL,2020-05-27 00:00:00,BULLISH,NEUTRAL,0.2411532053503199,False,NEWS_MARKET_AGREE_WRONG,,0.6150336326651326,0.2010519832283712,0.04768802790509957
54,US:AAPL,2020-05-27 00:00:00,BULLISH,NEUTRAL,0.2411532053503199,False,NEWS_MARKET_AGREE_WRONG,,0.6150336326651326,0.2010519832283712,0.04768802790509957
55,US:AAPL,2020-05-27 00:00:00,BULLISH,NEUTRAL,0.2411532053503199,False,NEWS_MARKET_AGREE_WRONG,,0.6150336326651326,0.2010519832283712,0.04768802790509957
56,US:AAPL,2020-05-27 00:00:00,BULLISH,NEUTRAL,0.2411532053503199,False,NEWS_MARKET_AGREE_WRONG,,0.6150336326651326,0.2010519832283712,0.04768802790509957
57,US:AAPL,2020-05-27 00:00:00,BULLISH,NEUTRAL,0.2411532053503199,False,NEWS_MARKET_AGREE_WRONG,,0.6150336326651326,0.2010519832283712,0.04768802790509957
58,US:AAPL,2020-05-27 00:00:00,BULLISH,NEUTRAL,0.2411532053503199,False,NEWS_MARKET_AGREE_WRONG,,0.6150336326651326,0.2010519832283712,0.04768802790509957
59,US:AAPL,2020-05-27 00:00:00,BULLISH,NEUTRAL,0.2411532053503199,False,NEWS_MARKET_AGREE_WRONG,,0.6150336326651326,0.2010519832283712,0.04768802790509957
60,US:AAPL,2020-05-27 00:00:00,BULLISH,NEUTRAL,0.2411532053503199,False,NEWS_MARKET_AGREE_WRONG,,0.6150336326651326,0.2010519832283712,0.04768802790509957
61,US:AAPL,2020-05-27 00:00:00,BULLISH,NEUTRAL,0.2411532053503199,False,NEWS_MARKET_AGREE_WRONG,,0.6150336326651326,0.2010519832283712,0.04768802790509957
91,US:AMZN,2020-05-27 00:00:00,BULLISH,BEARISH,0.3372885410824009,False,NEWS_MARKET_AGREE_WRONG,,1.0,0.07107212994108564,0.033336820904501574
92,US:AMZN,2020-05-27 00:00:00,BULLISH,BEARISH,0.3372885410824009,False,NEWS_MARKET_AGREE_WRONG,,1.0,0.07107212994108564,0.033336820904501574
93,US:AMZN,2020-05-27 00:00:00,BULLISH,BEARISH,0.3372885410824009,False,NEWS_MARKET_AGREE_WRONG,,1.0,0.07107212994108564,0.033336820904501574
132,US:GOOGL,2020-05-27 00:00:00,NEUTRAL,BEARISH,0.1773695039435601,False,NEUTRAL_BAND_MISS,INSUFFICIENT_DIRECTIONAL_EVIDENCE,0.22881779471014072,0.46257563072974334,0.16310748914401285
133,US:GOOGL,2020-05-27 00:00:00,NEUTRAL,BEARISH,0.1773695039435601,False,NEUTRAL_BAND_MISS,INSUFFICIENT_DIRECTIONAL_EVIDENCE,0.22881779471014072,0.46257563072974334,0.16310748914401285
182,US:NVDA,2020-05-27 00:00:00,NEUTRAL,BEARISH,-0.0399096016664772,False,NEUTRAL_BAND_MISS,INSUFFICIENT_DIRECTIONAL_EVIDENCE,0.04266090037600808,-0.20157371375558647,-0.21329155392024401
183,US:NVDA,2020-05-27 00:00:00,NEUTRAL,BEARISH,-0.0399096016664772,False,NEUTRAL_BAND_MISS,INSUFFICIENT_DIRECTIONAL_EVIDENCE,0.04266090037600808,-0.20157371375558647,-0.21329155392024401
62,US:AAPL,2020-05-28 00:00:00,NEUTRAL,NEUTRAL,0.1165173850309563,True,CORRECT,,0.20661643023132867,0.2225182882325918,0.08223651115858749
63,US:AAPL,2020-05-28 00:00:00,NEUTRAL,NEUTRAL,0.1165173850309563,True,CORRECT,,0.20661643023132867,0.2225182882325918,0.08223651115858749
64,US:AAPL,2020-05-28 00:00:00,NEUTRAL,NEUTRAL,0.1165173850309563,True,CORRECT,,0.20661643023132867,0.2225182882325918,0.08223651115858749
65,US:AAPL,2020-05-28 00:00:00,NEUTRAL,NEUTRAL,0.1165173850309563,True,CORRECT,,0.20661643023132867,0.2225182882325918,0.08223651115858749
94,US:AMZN,2020-05-28 00:00:00,NEUTRAL,BULLISH,-0.0091965693453795,False,NEUTRAL_BAND_MISS,INSUFFICIENT_DIRECTIONAL_EVIDENCE,0.031543861555783474,-0.09461334658543694,0.0
95,US:AMZN,2020-05-28 00:00:00,NEUTRAL,BULLISH,-0.0091965693453795,False,NEUTRAL_BAND_MISS,INSUFFICIENT_DIRECTIONAL_EVIDENCE,0.031543861555783474,-0.09461334658543694,0.0
96,US:AMZN,2020-05-28 00:00:00,NEUTRAL,BULLISH,-0.0091965693453795,False,NEUTRAL_BAND_MISS,INSUFFICIENT_DIRECTIONAL_EVIDENCE,0.031543861555783474,-0.09461334658543694,0.0
97,US:AMZN,2020-05-28 00:00:00,NEUTRAL,BULLISH,-0.0091965693453795,False,NEUTRAL_BAND_MISS,INSUFFICIENT_DIRECTIONAL_EVIDENCE,0.031543861555783474,-0.09461334658543694,0.0
134,US:GOOGL,2020-05-28 00:00:00,NEUTRAL,BULLISH,0.0274476150660138,False,NEUTRAL_BAND_MISS,INSUFFICIENT_DIRECTIONAL_EVIDENCE,-0.0729597790122159,0.23967913207451805,0.03293236629518248
135,US:GOOGL,2020-05-28 00:00:00,NEUTRAL,BULLISH,0.0274476150660138,False,NEUTRAL_BAND_MISS,INSUFFICIENT_DIRECTIONAL_EVIDENCE,-0.0729597790122159,0.23967913207451805,0.03293236629518248
136,US:GOOGL,2020-05-28 00:00:00,NEUTRAL,BULLISH,0.0274476150660138,False,NEUTRAL_BAND_MISS,INSUFFICIENT_DIRECTIONAL_EVIDENCE,-0.0729597790122159,0.23967913207451805,0.03293236629518248
137,US:GOOGL,2020-05-28 00:00:00,NEUTRAL,BULLISH,0.0274476150660138,False,NEUTRAL_BAND_MISS,INSUFFICIENT_DIRECTIONAL_EVIDENCE,-0.0729597790122159,0.23967913207451805,0.03293236629518248
138,US:GOOGL,2020-05-28 00:00:00,NEUTRAL,BULLISH,0.0274476150660138,False,NEUTRAL_BAND_MISS,INSUFFICIENT_DIRECTIONAL_EVIDENCE,-0.0729597790122159,0.23967913207451805,0.03293236629518248
139,US:GOOGL,2020-05-28 00:00:00,NEUTRAL,BULLISH,0.0274476150660138,False,NEUTRAL_BAND_MISS,INSUFFICIENT_DIRECTIONAL_EVIDENCE,-0.0729597790122159,0.23967913207451805,0.03293236629518248
184,US:NVDA,2020-05-28 00:00:00,NEUTRAL,BULLISH,-0.0484777808810154,False,NEUTRAL_BAND_MISS,INSUFFICIENT_DIRECTIONAL_EVIDENCE,0.1423668736071406,-0.318304422024358,-0.5
195,US:TSLA,2020-05-28 00:00:00,BULLISH,BULLISH,0.2810724098629414,True,CORRECT,,0.711134071779199,0.2509651386944125,0.028768788862957584
196,US:TSLA,2020-05-28 00:00:00,BULLISH,BULLISH,0.2810724098629414,True,CORRECT,,0.711134071779199,0.2509651386944125,0.028768788862957584
197,US:TSLA,2020-05-28 00:00:00,BULLISH,BULLISH,0.2810724098629414,True,CORRECT,,0.711134071779199,0.2509651386944125,0.028768788862957584
198,US:TSLA,2020-05-28 00:00:00,BULLISH,BULLISH,0.2810724098629414,True,CORRECT,,0.711134071779199,0.2509651386944125,0.028768788862957584
66,US:AAPL,2020-05-29 00:00:00,NEUTRAL,BULLISH,0.051791984789531,False,NEUTRAL_BAND_MISS,INSUFFICIENT_DIRECTIONAL_EVIDENCE,0.013844922046733371,0.23091230529853024,0.003522456590071721
98,US:AMZN,2020-05-29 00:00:00,NEUTRAL,BULLISH,0.014114337072443,False,NEUTRAL_BAND_MISS,INSUFFICIENT_DIRECTIONAL_EVIDENCE,0.04825937383109255,-0.006704711991995682,0.0
99,US:AMZN,2020-05-29 00:00:00,NEUTRAL,BULLISH,0.014114337072443,False,NEUTRAL_BAND_MISS,INSUFFICIENT_DIRECTIONAL_EVIDENCE,0.04825937383109255,-0.006704711991995682,0.0
100,US:AMZN,2020-05-29 00:00:00,NEUTRAL,BULLISH,0.014114337072443,False,NEUTRAL_BAND_MISS,INSUFFICIENT_DIRECTIONAL_EVIDENCE,0.04825937383109255,-0.006704711991995682,0.0
101,US:AMZN,2020-05-29 00:00:00,NEUTRAL,BULLISH,0.014114337072443,False,NEUTRAL_BAND_MISS,INSUFFICIENT_DIRECTIONAL_EVIDENCE,0.04825937383109255,-0.006704711991995682,0.0
140,US:GOOGL,2020-05-29 00:00:00,NEUTRAL,NEUTRAL,-0.0839835969345746,True,CORRECT,,-0.40690018173257875,0.23464366748093665,-0.023020641246802698
141,US:GOOGL,2020-05-29 00:00:00,NEUTRAL,NEUTRAL,-0.0839835969345746,True,CORRECT,,-0.40690018173257875,0.23464366748093665,-0.023020641246802698
142,US:GOOGL,2020-05-29 00:00:00,NEUTRAL,NEUTRAL,-0.0839835969345746,True,CORRECT,,-0.40690018173257875,0.23464366748093665,-0.023020641246802698
143,US:GOOGL,2020-05-29 00:00:00,NEUTRAL,NEUTRAL,-0.0839835969345746,True,CORRECT,,-0.40690018173257875,0.23464366748093665,-0.023020641246802698
144,US:GOOGL,2020-05-29 00:00:00,NEUTRAL,NEUTRAL,-0.0839835969345746,True,CORRECT,,-0.40690018173257875,0.23464366748093665,-0.023020641246802698
199,US:TSLA,2020-05-29 00:00:00,NEUTRAL,BULLISH,0.089872511913073,False,NEUTRAL_BAND_MISS,INSUFFICIENT_DIRECTIONAL_EVIDENCE,0.332179783293494,-0.13799842525916833,0.1966773130884099
200,US:TSLA,2020-05-29 00:00:00,NEUTRAL,BULLISH,0.089872511913073,False,NEUTRAL_BAND_MISS,INSUFFICIENT_DIRECTIONAL_EVIDENCE,0.332179783293494,-0.13799842525916833,0.1966773130884099
201,US:TSLA,2020-05-29 00:00:00,NEUTRAL,BULLISH,0.089872511913073,False,NEUTRAL_BAND_MISS,INSUFFICIENT_DIRECTIONAL_EVIDENCE,0.332179783293494,-0.13799842525916833,0.1966773130884099
202,US:TSLA,2020-05-29 00:00:00,NEUTRAL,BULLISH,0.089872511913073,False,NEUTRAL_BAND_MISS,INSUFFICIENT_DIRECTIONAL_EVIDENCE,0.332179783293494,-0.13799842525916833,0.1966773130884099
102,US:AMZN,2020-05-30 00:00:00,NEUTRAL,NEUTRAL,0.0720899837117726,True,CORRECT,,0.004637609586834223,0.3403943064958224,0.018941366738850385
203,US:TSLA,2020-05-30 00:00:00,BULLISH,BEARISH,0.2103770993430322,False,NEWS_MARKET_AGREE_WRONG,,0.21246525692052123,0.6953358093861384,0.00423031425191589
204,US:TSLA,2020-05-30 00:00:00,BULLISH,BEARISH,0.2103770993430322,False,NEWS_MARKET_AGREE_WRONG,,0.21246525692052123,0.6953358093861384,0.00423031425191589
67,US:AAPL,2020-05-31 00:00:00,BEARISH,BULLISH,-0.257817272287184,False,NEWS_MARKET_CONFLICT,,-0.8999085237798863,0.17238457584155692,-0.07357380243637102
68,US:AAPL,2020-05-31 00:00:00,BEARISH,BULLISH,-0.257817272287184,False,NEWS_MARKET_CONFLICT,,-0.8999085237798863,0.17238457584155692,-0.07357380243637102
103,US:AMZN,2020-05-31 00:00:00,NEUTRAL,NEUTRAL,0.006449464740504,True,CORRECT,,-0.19995621577815875,0.3403943064958224,0.018941366738850385
104,US:AMZN,2020-05-31 00:00:00,NEUTRAL,NEUTRAL,0.006449464740504,True,CORRECT,,-0.19995621577815875,0.3403943064958224,0.018941366738850385
205,US:TSLA,2020-05-31 00:00:00,BULLISH,BEARISH,0.2425887627423826,False,NEWS_MARKET_AGREE_WRONG,,0.3128652467366782,0.6953358093861384,0.00423031425191589
185,US:NVDA,2020-05-31 07:05:12,BULLISH,BULLISH,0.4415884916744016,True,CORRECT,,1.0,0.557550193098584,0.11866275285898342
69,US:AAPL,2020-06-01 00:00:00,NEUTRAL,BULLISH,-0.0456122870887519,False,NEUTRAL_BAND_MISS,INSUFFICIENT_DIRECTIONAL_EVIDENCE,-0.25186744308489284,0.17238457584155692,0.0
70,US:AAPL,2020-06-01 00:00:00,NEUTRAL,BULLISH,-0.0456122870887519,False,NEUTRAL_BAND_MISS,INSUFFICIENT_DIRECTIONAL_EVIDENCE,-0.25186744308489284,0.17238457584155692,0.0
71,US:AAPL,2020-06-01 00:00:00,NEUTRAL,BULLISH,-0.0456122870887519,False,NEUTRAL_BAND_MISS,INSUFFICIENT_DIRECTIONAL_EVIDENCE,-0.25186744308489284,0.17238457584155692,0.0
72,US:AAPL,2020-06-01 00:00:00,NEUTRAL,BULLISH,-0.0456122870887519,False,NEUTRAL_BAND_MISS,INSUFFICIENT_DIRECTIONAL_EVIDENCE,-0.25186744308489284,0.17238457584155692,0.0
73,US:AAPL,2020-06-01 00:00:00,NEUTRAL,BULLISH,-0.0456122870887519,False,NEUTRAL_BAND_MISS,INSUFFICIENT_DIRECTIONAL_EVIDENCE,-0.25186744308489284,0.17238457584155692,0.0
74,US:AAPL,2020-06-01 00:00:00,NEUTRAL,BULLISH,-0.0456122870887519,False,NEUTRAL_BAND_MISS,INSUFFICIENT_DIRECTIONAL_EVIDENCE,-0.25186744308489284,0.17238457584155692,0.0
105,US:AMZN,2020-06-01 00:00:00,NEUTRAL,NEUTRAL,0.0924968589776668,True,CORRECT,,0.06824345457143934,0.3403943064958224,0.018941366738850385
106,US:AMZN,2020-06-01 00:00:00,NEUTRAL,NEUTRAL,0.0924968589776668,True,CORRECT,,0.06824345457143934,0.3403943064958224,0.018941366738850385
107,US:AMZN,2020-06-01 00:00:00,NEUTRAL,NEUTRAL,0.0924968589776668,True,CORRECT,,0.06824345457143934,0.3403943064958224,0.018941366738850385
108,US:AMZN,2020-06-01 00:00:00,NEUTRAL,NEUTRAL,0.0924968589776668,True,CORRECT,,0.06824345457143934,0.3403943064958224,0.018941366738850385
109,US:AMZN,2020-06-01 00:00:00,NEUTRAL,NEUTRAL,0.0924968589776668,True,CORRECT,,0.06824345457143934,0.3403943064958224,0.018941366738850385
110,US:AMZN,2020-06-01 00:00:00,NEUTRAL,NEUTRAL,0.0924968589776668,True,CORRECT,,0.06824345457143934,0.3403943064958224,0.018941366738850385
111,US:AMZN,2020-06-01 00:00:00,NEUTRAL,NEUTRAL,0.0924968589776668,True,CORRECT,,0.06824345457143934,0.3403943064958224,0.018941366738850385
112,US:AMZN,2020-06-01 00:00:00,NEUTRAL,NEUTRAL,0.0924968589776668,True,CORRECT,,0.06824345457143934,0.3403943064958224,0.018941366738850385
113,US:AMZN,2020-06-01 00:00:00,NEUTRAL,NEUTRAL,0.0924968589776668,True,CORRECT,,0.06824345457143934,0.3403943064958224,0.018941366738850385
145,US:GOOGL,2020-06-01 00:00:00,BEARISH,BULLISH,-0.2054800102485957,False,NEWS_MARKET_CONFLICT,,-0.8827036081961889,0.39383917434040977,-0.046081726516893684
206,US:TSLA,2020-06-01 00:00:00,BULLISH,BEARISH,0.3317207928583273,False,NEWS_MARKET_AGREE_WRONG,,0.5906793665785838,0.6953358093861384,0.00423031425191589
207,US:TSLA,2020-06-01 00:00:00,BULLISH,BEARISH,0.3317207928583273,False,NEWS_MARKET_AGREE_WRONG,,0.5906793665785838,0.6953358093861384,0.00423031425191589
208,US:TSLA,2020-06-01 00:00:00,BULLISH,BEARISH,0.3317207928583273,False,NEWS_MARKET_AGREE_WRONG,,0.5906793665785838,0.6953358093861384,0.00423031425191589
209,US:TSLA,2020-06-01 00:00:00,BULLISH,BEARISH,0.3317207928583273,False,NEWS_MARKET_AGREE_WRONG,,0.5906793665785838,0.6953358093861384,0.00423031425191589
210,US:TSLA,2020-06-01 00:00:00,BULLISH,BEARISH,0.3317207928583273,False,NEWS_MARKET_AGREE_WRONG,,0.5906793665785838,0.6953358093861384,0.00423031425191589
211,US:TSLA,2020-06-01 00:00:00,BULLISH,BEARISH,0.3317207928583273,False,NEWS_MARKET_AGREE_WRONG,,0.5906793665785838,0.6953358093861384,0.00423031425191589
212,US:TSLA,2020-06-01 00:00:00,BULLISH,BEARISH,0.3317207928583273,False,NEWS_MARKET_AGREE_WRONG,,0.5906793665785838,0.6953358093861384,0.00423031425191589
213,US:TSLA,2020-06-01 00:00:00,BULLISH,BEARISH,0.3317207928583273,False,NEWS_MARKET_AGREE_WRONG,,0.5906793665785838,0.6953358093861384,0.00423031425191589
214,US:TSLA,2020-06-01 00:00:00,BULLISH,BEARISH,0.3317207928583273,False,NEWS_MARKET_AGREE_WRONG,,0.5906793665785838,0.6953358093861384,0.00423031425191589
215,US:TSLA,2020-06-01 00:00:00,BULLISH,BEARISH,0.3317207928583273,False,NEWS_MARKET_AGREE_WRONG,,0.5906793665785838,0.6953358093861384,0.00423031425191589
216,US:TSLA,2020-06-01 00:00:00,BULLISH,BEARISH,0.3317207928583273,False,NEWS_MARKET_AGREE_WRONG,,0.5906793665785838,0.6953358093861384,0.00423031425191589
217,US:TSLA,2020-06-01 00:00:00,BULLISH,BEARISH,0.3317207928583273,False,NEWS_MARKET_AGREE_WRONG,,0.5906793665785838,0.6953358093861384,0.00423031425191589
75,US:AAPL,2020-06-02 00:00:00,NEUTRAL,BULLISH,0.0622450774001918,False,NEUTRAL_BAND_MISS,INSUFFICIENT_DIRECTIONAL_EVIDENCE,-0.10954861638777859,0.41997032492733477,0.19967972260468492
76,US:AAPL,2020-06-02 00:00:00,NEUTRAL,BULLISH,0.0622450774001918,False,NEUTRAL_BAND_MISS,INSUFFICIENT_DIRECTIONAL_EVIDENCE,-0.10954861638777859,0.41997032492733477,0.19967972260468492
77,US:AAPL,2020-06-02 00:00:00,NEUTRAL,BULLISH,0.0622450774001918,False,NEUTRAL_BAND_MISS,INSUFFICIENT_DIRECTIONAL_EVIDENCE,-0.10954861638777859,0.41997032492733477,0.19967972260468492
78,US:AAPL,2020-06-02 00:00:00,NEUTRAL,BULLISH,0.0622450774001918,False,NEUTRAL_BAND_MISS,INSUFFICIENT_DIRECTIONAL_EVIDENCE,-0.10954861638777859,0.41997032492733477,0.19967972260468492
79,US:AAPL,2020-06-02 00:00:00,NEUTRAL,BULLISH,0.0622450774001918,False,NEUTRAL_BAND_MISS,INSUFFICIENT_DIRECTIONAL_EVIDENCE,-0.10954861638777859,0.41997032492733477,0.19967972260468492
80,US:AAPL,2020-06-02 00:00:00,NEUTRAL,BULLISH,0.0622450774001918,False,NEUTRAL_BAND_MISS,INSUFFICIENT_DIRECTIONAL_EVIDENCE,-0.10954861638777859,0.41997032492733477,0.19967972260468492
114,US:AMZN,2020-06-02 00:00:00,NEUTRAL,BULLISH,0.1346066060253264,False,NEUTRAL_BAND_MISS,INSUFFICIENT_DIRECTIONAL_EVIDENCE,0.139004820196955,0.4139680349150436,0.09412718429111872
115,US:AMZN,2020-06-02 00:00:00,NEUTRAL,BULLISH,0.1346066060253264,False,NEUTRAL_BAND_MISS,INSUFFICIENT_DIRECTIONAL_EVIDENCE,0.139004820196955,0.4139680349150436,0.09412718429111872
218,US:TSLA,2020-06-02 00:00:00,BULLISH,BULLISH,0.3759028497133578,True,CORRECT,,0.5102607837045577,1.0,0.1376145418539242
219,US:TSLA,2020-06-02 00:00:00,BULLISH,BULLISH,0.3759028497133578,True,CORRECT,,0.5102607837045577,1.0,0.1376145418539242
220,US:TSLA,2020-06-02 00:00:00,BULLISH,BULLISH,0.3759028497133578,True,CORRECT,,0.5102607837045577,1.0,0.1376145418539242
221,US:TSLA,2020-06-02 00:00:00,BULLISH,BULLISH,0.3759028497133578,True,CORRECT,,0.5102607837045577,1.0,0.1376145418539242
222,US:TSLA,2020-06-02 00:00:00,BULLISH,BULLISH,0.3759028497133578,True,CORRECT,,0.5102607837045577,1.0,0.1376145418539242
223,US:TSLA,2020-06-02 00:00:00,BULLISH,BULLISH,0.3759028497133578,True,CORRECT,,0.5102607837045577,1.0,0.1376145418539242
186,US:NVDA,2020-06-02 03:14:40,NEUTRAL,BEARISH,-0.0135247719390671,False,NEUTRAL_BAND_MISS,INSUFFICIENT_DIRECTIONAL_EVIDENCE,-0.15853734613865517,0.1828863344347006,0.0
187,US:NVDA,2020-06-02 09:20:06,NEUTRAL,BEARISH,0.0060370177240376,False,NEUTRAL_BAND_MISS,INSUFFICIENT_DIRECTIONAL_EVIDENCE,-0.0975655342017051,0.1828863344347006,0.0
146,US:GOOGL,2020-06-04 09:07:04,BEARISH,BULLISH,-0.2913786087268835,False,NEWS_MARKET_CONFLICT,,-1.0,0.16929416973843295,-0.08759145797394563
147,US:GOOGL,2020-06-04 09:08:37,BEARISH,BULLISH,-0.2913786087268835,False,NEWS_MARKET_CONFLICT,,-1.0,0.16929416973843295,-0.08759145797394563
