candidate_id,news_weight,momentum_weight,volume_weight,threshold,median_balanced_accuracy,mean_balanced_accuracy,worst_fold_balanced_accuracy,std_balanced_accuracy,mean_macro_f1,coverage,degeneracy_flag,degeneracy_reason,selected,justified,fold_id,fold_n,fold_balanced_accuracy,fold_macro_f1,fold_strict_accuracy,fold_directional_accuracy,fold_prediction_distribution,fold_realized_distribution
v2_1_grid_042,0.55,0.45,0.0,0.15,0.35714285714285715,0.3357142857142857,0.25,0.06308400618805604,0.42558356676003734,1.0,False,,True,False,fold_1,30,0.39999999999999997,0.4238095238095238,0.43333333333333335,1.0,"{""BULLISH"": 4, ""NEUTRAL"": 26}","{""BEARISH"": 1, ""BULLISH"": 20, ""NEUTRAL"": 9}"
v2_1_grid_042,0.55,0.45,0.0,0.15,0.35714285714285715,0.3357142857142857,0.25,0.06308400618805604,0.42558356676003734,1.0,False,,True,False,fold_2,29,0.35714285714285715,0.4084967320261438,0.4482758620689655,0.14285714285714285,"{""BEARISH"": 3, ""BULLISH"": 4, ""NEUTRAL"": 22}","{""BEARISH"": 3, ""BULLISH"": 14, ""NEUTRAL"": 12}"
v2_1_grid_042,0.55,0.45,0.0,0.15,0.35714285714285715,0.3357142857142857,0.25,0.06308400618805604,0.42558356676003734,1.0,False,,True,False,fold_3,30,0.25,0.4444444444444445,0.26666666666666666,0.36363636363636365,"{""BEARISH"": 2, ""BULLISH"": 20, ""NEUTRAL"": 8}","{""BEARISH"": 14, ""BULLISH"": 16}"
v2_0_reference,0.55,0.35,0.1,0.2,0.35714285714285715,0.3148809523809524,0.1875,0.0917555227968258,0.39508247743541863,1.0,False,,False,False,fold_1,30,0.39999999999999997,0.4238095238095238,0.43333333333333335,1.0,"{""BULLISH"": 4, ""NEUTRAL"": 26}","{""BEARISH"": 1, ""BULLISH"": 20, ""NEUTRAL"": 9}"
v2_0_reference,0.55,0.35,0.1,0.2,0.35714285714285715,0.3148809523809524,0.1875,0.0917555227968258,0.39508247743541863,1.0,False,,False,False,fold_2,29,0.35714285714285715,0.4084967320261438,0.4482758620689655,0.14285714285714285,"{""BEARISH"": 3, ""BULLISH"": 4, ""NEUTRAL"": 22}","{""BEARISH"": 3, ""BULLISH"": 14, ""NEUTRAL"": 12}"
v2_0_reference,0.55,0.35,0.1,0.2,0.35714285714285715,0.3148809523809524,0.1875,0.0917555227968258,0.39508247743541863,1.0,False,,False,False,fold_3,30,0.1875,0.35294117647058826,0.2,0.3,"{""BEARISH"": 2, ""BULLISH"": 18, ""NEUTRAL"": 10}","{""BEARISH"": 14, ""BULLISH"": 16}"
v2_1_grid_001,0.45,0.4,0.15,0.1,0.2518518518518518,0.286331569664903,0.25,0.05007684870632604,0.3856962139694588,1.0,False,,False,False,fold_1,30,0.2518518518518518,0.30414746543778803,0.3,1.0,"{""BULLISH"": 8, ""NEUTRAL"": 22}","{""BEARISH"": 1, ""BULLISH"": 20, ""NEUTRAL"": 9}"
v2_1_grid_001,0.45,0.4,0.15,0.1,0.2518518518518518,0.286331569664903,0.25,0.05007684870632604,0.3856962139694588,1.0,False,,False,False,fold_2,29,0.35714285714285715,0.4084967320261438,0.4482758620689655,0.14285714285714285,"{""BEARISH"": 3, ""BULLISH"": 4, ""NEUTRAL"": 22}","{""BEARISH"": 3, ""BULLISH"": 14, ""NEUTRAL"": 12}"
v2_1_grid_001,0.45,0.4,0.15,0.1,0.2518518518518518,0.286331569664903,0.25,0.05007684870632604,0.3856962139694588,1.0,False,,False,False,fold_3,30,0.25,0.4444444444444445,0.26666666666666666,0.36363636363636365,"{""BEARISH"": 2, ""BULLISH"": 20, ""NEUTRAL"": 8}","{""BEARISH"": 14, ""BULLISH"": 16}"
v2_1_grid_002,0.45,0.4,0.15,0.15,0.35714285714285715,0.3148809523809524,0.1875,0.0917555227968258,0.3917211328976035,1.0,False,,False,False,fold_1,30,0.39999999999999997,0.4238095238095238,0.43333333333333335,1.0,"{""BULLISH"": 4, ""NEUTRAL"": 26}","{""BEARISH"": 1, ""BULLISH"": 20, ""NEUTRAL"": 9}"
v2_1_grid_002,0.45,0.4,0.15,0.15,0.35714285714285715,0.3148809523809524,0.1875,0.0917555227968258,0.3917211328976035,1.0,False,,False,False,fold_2,29,0.35714285714285715,0.3984126984126984,0.4482758620689655,0.16666666666666666,"{""BEARISH"": 2, ""BULLISH"": 4, ""NEUTRAL"": 23}","{""BEARISH"": 3, ""BULLISH"": 14, ""NEUTRAL"": 12}"
v2_1_grid_002,0.45,0.4,0.15,0.15,0.35714285714285715,0.3148809523809524,0.1875,0.0917555227968258,0.3917211328976035,1.0,False,,False,False,fold_3,30,0.1875,0.35294117647058826,0.2,0.3,"{""BEARISH"": 2, ""BULLISH"": 18, ""NEUTRAL"": 10}","{""BEARISH"": 14, ""BULLISH"": 16}"
v2_1_grid_003,0.45,0.4,0.15,0.2,0.35714285714285715,0.3148809523809524,0.1875,0.0917555227968258,0.3917211328976035,1.0,False,,False,False,fold_1,30,0.39999999999999997,0.4238095238095238,0.43333333333333335,1.0,"{""BULLISH"": 4, ""NEUTRAL"": 26}","{""BEARISH"": 1, ""BULLISH"": 20, ""NEUTRAL"": 9}"
v2_1_grid_003,0.45,0.4,0.15,0.2,0.35714285714285715,0.3148809523809524,0.1875,0.0917555227968258,0.3917211328976035,1.0,False,,False,False,fold_2,29,0.35714285714285715,0.3984126984126984,0.4482758620689655,0.16666666666666666,"{""BEARISH"": 2, ""BULLISH"": 4, ""NEUTRAL"": 23}","{""BEARISH"": 3, ""BULLISH"": 14, ""NEUTRAL"": 12}"
v2_1_grid_003,0.45,0.4,0.15,0.2,0.35714285714285715,0.3148809523809524,0.1875,0.0917555227968258,0.3917211328976035,1.0,False,,False,False,fold_3,30,0.1875,0.35294117647058826,0.2,0.3,"{""BEARISH"": 2, ""BULLISH"": 18, ""NEUTRAL"": 10}","{""BEARISH"": 14, ""BULLISH"": 16}"
v2_1_grid_004,0.45,0.4,0.15,0.25,0.3333333333333333,0.2926587301587302,0.1875,0.07499107614668356,0.39371543489190547,1.0,False,,False,False,fold_1,30,0.3333333333333333,0.4615384615384615,0.3,,"{""NEUTRAL"": 30}","{""BEARISH"": 1, ""BULLISH"": 20, ""NEUTRAL"": 9}"
v2_1_grid_004,0.45,0.4,0.15,0.25,0.3333333333333333,0.2926587301587302,0.1875,0.07499107614668356,0.39371543489190547,1.0,False,,False,False,fold_2,29,0.35714285714285715,0.36666666666666664,0.4482758620689655,1.0,"{""BULLISH"": 1, ""NEUTRAL"": 28}","{""BEARISH"": 3, ""BULLISH"": 14, ""NEUTRAL"": 12}"
v2_1_grid_004,0.45,0.4,0.15,0.25,0.3333333333333333,0.2926587301587302,0.1875,0.07499107614668356,0.39371543489190547,1.0,False,,False,False,fold_3,30,0.1875,0.35294117647058826,0.2,0.3333333333333333,"{""BULLISH"": 18, ""NEUTRAL"": 12}","{""BEARISH"": 14, ""BULLISH"": 16}"
v2_1_grid_005,0.45,0.4,0.15,0.3,0.3333333333333333,0.2926587301587302,0.1875,0.07499107614668356,0.39371543489190547,1.0,False,,False,False,fold_1,30,0.3333333333333333,0.4615384615384615,0.3,,"{""NEUTRAL"": 30}","{""BEARISH"": 1, ""BULLISH"": 20, ""NEUTRAL"": 9}"
v2_1_grid_005,0.45,0.4,0.15,0.3,0.3333333333333333,0.2926587301587302,0.1875,0.07499107614668356,0.39371543489190547,1.0,False,,False,False,fold_2,29,0.35714285714285715,0.36666666666666664,0.4482758620689655,1.0,"{""BULLISH"": 1, ""NEUTRAL"": 28}","{""BEARISH"": 3, ""BULLISH"": 14, ""NEUTRAL"": 12}"
v2_1_grid_005,0.45,0.4,0.15,0.3,0.3333333333333333,0.2926587301587302,0.1875,0.07499107614668356,0.39371543489190547,1.0,False,,False,False,fold_3,30,0.1875,0.35294117647058826,0.2,0.3333333333333333,"{""BULLISH"": 18, ""NEUTRAL"": 12}","{""BEARISH"": 14, ""BULLISH"": 16}"
v2_1_grid_006,0.45,0.45,0.1,0.1,0.25,0.20299823633156966,0.10714285714285714,0.06778420478931257,0.30187631563975653,1.0,False,,False,False,fold_1,30,0.2518518518518518,0.30414746543778803,0.3,1.0,"{""BULLISH"": 8, ""NEUTRAL"": 22}","{""BEARISH"": 1, ""BULLISH"": 20, ""NEUTRAL"": 9}"
v2_1_grid_006,0.45,0.45,0.1,0.1,0.25,0.20299823633156966,0.10714285714285714,0.06778420478931257,0.30187631563975653,1.0,False,,False,False,fold_2,29,0.10714285714285714,0.15703703703703706,0.13793103448275862,0.14285714285714285,"{""BEARISH"": 3, ""BULLISH"": 13, ""NEUTRAL"": 13}","{""BEARISH"": 3, ""BULLISH"": 14, ""NEUTRAL"": 12}"
v2_1_grid_006,0.45,0.45,0.1,0.1,0.25,0.20299823633156966,0.10714285714285714,0.06778420478931257,0.30187631563975653,1.0,False,,False,False,fold_3,30,0.25,0.4444444444444445,0.26666666666666666,0.36363636363636365,"{""BEARISH"": 2, ""BULLISH"": 20, ""NEUTRAL"": 8}","{""BEARISH"": 14, ""BULLISH"": 16}"
v2_1_grid_007,0.45,0.45,0.1,0.15,0.35714285714285715,0.3357142857142857,0.25,0.06308400618805604,0.4222222222222222,1.0,False,,False,False,fold_1,30,0.39999999999999997,0.4238095238095238,0.43333333333333335,1.0,"{""BULLISH"": 4, ""NEUTRAL"": 26}","{""BEARISH"": 1, ""BULLISH"": 20, ""NEUTRAL"": 9}"
v2_1_grid_007,0.45,0.45,0.1,0.15,0.35714285714285715,0.3357142857142857,0.25,0.06308400618805604,0.4222222222222222,1.0,False,,False,False,fold_2,29,0.35714285714285715,0.3984126984126984,0.4482758620689655,0.16666666666666666,"{""BEARISH"": 2, ""BULLISH"": 4, ""NEUTRAL"": 23}","{""BEARISH"": 3, ""BULLISH"": 14, ""NEUTRAL"": 12}"
v2_1_grid_007,0.45,0.45,0.1,0.15,0.35714285714285715,0.3357142857142857,0.25,0.06308400618805604,0.4222222222222222,1.0,False,,False,False,fold_3,30,0.25,0.4444444444444445,0.26666666666666666,0.36363636363636365,"{""BEARISH"": 2, ""BULLISH"": 20, ""NEUTRAL"": 8}","{""BEARISH"": 14, ""BULLISH"": 16}"
v2_1_grid_008,0.45,0.45,0.1,0.2,0.35714285714285715,0.3148809523809524,0.1875,0.0917555227968258,0.3855435267199973,1.0,False,,False,False,fold_1,30,0.39999999999999997,0.4238095238095238,0.43333333333333335,1.0,"{""BULLISH"": 4, ""NEUTRAL"": 26}","{""BEARISH"": 1, ""BULLISH"": 20, ""NEUTRAL"": 9}"
v2_1_grid_008,0.45,0.45,0.1,0.2,0.35714285714285715,0.3148809523809524,0.1875,0.0917555227968258,0.3855435267199973,1.0,False,,False,False,fold_2,29,0.35714285714285715,0.3798798798798799,0.4482758620689655,0.25,"{""BULLISH"": 4, ""NEUTRAL"": 25}","{""BEARISH"": 3, ""BULLISH"": 14, ""NEUTRAL"": 12}"
v2_1_grid_008,0.45,0.45,0.1,0.2,0.35714285714285715,0.3148809523809524,0.1875,0.0917555227968258,0.3855435267199973,1.0,False,,False,False,fold_3,30,0.1875,0.35294117647058826,0.2,0.3,"{""BEARISH"": 2, ""BULLISH"": 18, ""NEUTRAL"": 10}","{""BEARISH"": 14, ""BULLISH"": 16}"
v2_1_grid_009,0.45,0.45,0.1,0.25,0.35714285714285715,0.3148809523809524,0.1875,0.0917555227968258,0.38231433599080655,1.0,False,,False,False,fold_1,30,0.39999999999999997,0.4238095238095238,0.43333333333333335,1.0,"{""BULLISH"": 4, ""NEUTRAL"": 26}","{""BEARISH"": 1, ""BULLISH"": 20, ""NEUTRAL"": 9}"
v2_1_grid_009,0.45,0.45,0.1,0.25,0.35714285714285715,0.3148809523809524,0.1875,0.0917555227968258,0.38231433599080655,1.0,False,,False,False,fold_2,29,0.35714285714285715,0.37019230769230765,0.4482758620689655,0.5,"{""BULLISH"": 2, ""NEUTRAL"": 27}","{""BEARISH"": 3, ""BULLISH"": 14, ""NEUTRAL"": 12}"
v2_1_grid_009,0.45,0.45,0.1,0.25,0.35714285714285715,0.3148809523809524,0.1875,0.0917555227968258,0.38231433599080655,1.0,False,,False,False,fold_3,30,0.1875,0.35294117647058826,0.2,0.3333333333333333,"{""BULLISH"": 18, ""NEUTRAL"": 12}","{""BEARISH"": 14, ""BULLISH"": 16}"
v2_1_grid_010,0.45,0.45,0.1,0.3,0.3333333333333333,0.2926587301587302,0.1875,0.07499107614668356,0.39371543489190547,1.0,False,,False,False,fold_1,30,0.3333333333333333,0.4615384615384615,0.3,,"{""NEUTRAL"": 30}","{""BEARISH"": 1, ""BULLISH"": 20, ""NEUTRAL"": 9}"
v2_1_grid_010,0.45,0.45,0.1,0.3,0.3333333333333333,0.2926587301587302,0.1875,0.07499107614668356,0.39371543489190547,1.0,False,,False,False,fold_2,29,0.35714285714285715,0.36666666666666664,0.4482758620689655,1.0,"{""BULLISH"": 1, ""NEUTRAL"": 28}","{""BEARISH"": 3, ""BULLISH"": 14, ""NEUTRAL"": 12}"
v2_1_grid_010,0.45,0.45,0.1,0.3,0.3333333333333333,0.2926587301587302,0.1875,0.07499107614668356,0.39371543489190547,1.0,False,,False,False,fold_3,30,0.1875,0.35294117647058826,0.2,0.3333333333333333,"{""BULLISH"": 18, ""NEUTRAL"": 12}","{""BEARISH"": 14, ""BULLISH"": 16}"
v2_1_grid_011,0.5,0.35,0.15,0.1,0.2518518518518518,0.286331569664903,0.25,0.05007684870632604,0.3856962139694588,1.0,False,,False,False,fold_1,30,0.2518518518518518,0.30414746543778803,0.3,1.0,"{""BULLISH"": 8, ""NEUTRAL"": 22}","{""BEARISH"": 1, ""BULLISH"": 20, ""NEUTRAL"": 9}"
v2_1_grid_011,0.5,0.35,0.15,0.1,0.2518518518518518,0.286331569664903,0.25,0.05007684870632604,0.3856962139694588,1.0,False,,False,False,fold_2,29,0.35714285714285715,0.4084967320261438,0.4482758620689655,0.14285714285714285,"{""BEARISH"": 3, ""BULLISH"": 4, ""NEUTRAL"": 22}","{""BEARISH"": 3, ""BULLISH"": 14, ""NEUTRAL"": 12}"
v2_1_grid_011,0.5,0.35,0.15,0.1,0.2518518518518518,0.286331569664903,0.25,0.05007684870632604,0.3856962139694588,1.0,False,,False,False,fold_3,30,0.25,0.4444444444444445,0.26666666666666666,0.36363636363636365,"{""BEARISH"": 2, ""BULLISH"": 20, ""NEUTRAL"": 8}","{""BEARISH"": 14, ""BULLISH"": 16}"
v2_1_grid_012,0.5,0.35,0.15,0.15,0.35714285714285715,0.3148809523809524,0.1875,0.0917555227968258,0.39508247743541863,1.0,False,,False,False,fold_1,30,0.39999999999999997,0.4238095238095238,0.43333333333333335,1.0,"{""BULLISH"": 4, ""NEUTRAL"": 26}","{""BEARISH"": 1, ""BULLISH"": 20, ""NEUTRAL"": 9}"
v2_1_grid_012,0.5,0.35,0.15,0.15,0.35714285714285715,0.3148809523809524,0.1875,0.0917555227968258,0.39508247743541863,1.0,False,,False,False,fold_2,29,0.35714285714285715,0.4084967320261438,0.4482758620689655,0.14285714285714285,"{""BEARISH"": 3, ""BULLISH"": 4, ""NEUTRAL"": 22}","{""BEARISH"": 3, ""BULLISH"": 14, ""NEUTRAL"": 12}"
v2_1_grid_012,0.5,0.35,0.15,0.15,0.35714285714285715,0.3148809523809524,0.1875,0.0917555227968258,0.39508247743541863,1.0,False,,False,False,fold_3,30,0.1875,0.35294117647058826,0.2,0.3,"{""BEARISH"": 2, ""BULLISH"": 18, ""NEUTRAL"": 10}","{""BEARISH"": 14, ""BULLISH"": 16}"
v2_1_grid_013,0.5,0.35,0.15,0.2,0.35714285714285715,0.3148809523809524,0.1875,0.0917555227968258,0.3917211328976035,1.0,False,,False,False,fold_1,30,0.39999999999999997,0.4238095238095238,0.43333333333333335,1.0,"{""BULLISH"": 4, ""NEUTRAL"": 26}","{""BEARISH"": 1, ""BULLISH"": 20, ""NEUTRAL"": 9}"
v2_1_grid_013,0.5,0.35,0.15,0.2,0.35714285714285715,0.3148809523809524,0.1875,0.0917555227968258,0.3917211328976035,1.0,False,,False,False,fold_2,29,0.35714285714285715,0.3984126984126984,0.4482758620689655,0.16666666666666666,"{""BEARISH"": 2, ""BULLISH"": 4, ""NEUTRAL"": 23}","{""BEARISH"": 3, ""BULLISH"": 14, ""NEUTRAL"": 12}"
v2_1_grid_013,0.5,0.35,0.15,0.2,0.35714285714285715,0.3148809523809524,0.1875,0.0917555227968258,0.3917211328976035,1.0,False,,False,False,fold_3,30,0.1875,0.35294117647058826,0.2,0.3,"{""BEARISH"": 2, ""BULLISH"": 18, ""NEUTRAL"": 10}","{""BEARISH"": 14, ""BULLISH"": 16}"
v2_1_grid_014,0.5,0.35,0.15,0.25,0.35714285714285715,0.3148809523809524,0.1875,0.0917555227968258,0.3811391223155929,1.0,False,,False,False,fold_1,30,0.39999999999999997,0.4238095238095238,0.43333333333333335,1.0,"{""BULLISH"": 4, ""NEUTRAL"": 26}","{""BEARISH"": 1, ""BULLISH"": 20, ""NEUTRAL"": 9}"
v2_1_grid_014,0.5,0.35,0.15,0.25,0.35714285714285715,0.3148809523809524,0.1875,0.0917555227968258,0.3811391223155929,1.0,False,,False,False,fold_2,29,0.35714285714285715,0.36666666666666664,0.4482758620689655,1.0,"{""BULLISH"": 1, ""NEUTRAL"": 28}","{""BEARISH"": 3, ""BULLISH"": 14, ""NEUTRAL"": 12}"
v2_1_grid_014,0.5,0.35,0.15,0.25,0.35714285714285715,0.3148809523809524,0.1875,0.0917555227968258,0.3811391223155929,1.0,False,,False,False,fold_3,30,0.1875,0.35294117647058826,0.2,0.3,"{""BEARISH"": 2, ""BULLISH"": 18, ""NEUTRAL"": 10}","{""BEARISH"": 14, ""BULLISH"": 16}"
v2_1_grid_015,0.5,0.35,0.15,0.3,0.3333333333333333,0.2926587301587302,0.1875,0.07499107614668356,0.39371543489190547,1.0,False,,False,False,fold_1,30,0.3333333333333333,0.4615384615384615,0.3,,"{""NEUTRAL"": 30}","{""BEARISH"": 1, ""BULLISH"": 20, ""NEUTRAL"": 9}"
v2_1_grid_015,0.5,0.35,0.15,0.3,0.3333333333333333,0.2926587301587302,0.1875,0.07499107614668356,0.39371543489190547,1.0,False,,False,False,fold_2,29,0.35714285714285715,0.36666666666666664,0.4482758620689655,1.0,"{""BULLISH"": 1, ""NEUTRAL"": 28}","{""BEARISH"": 3, ""BULLISH"": 14, ""NEUTRAL"": 12}"
v2_1_grid_015,0.5,0.35,0.15,0.3,0.3333333333333333,0.2926587301587302,0.1875,0.07499107614668356,0.39371543489190547,1.0,False,,False,False,fold_3,30,0.1875,0.35294117647058826,0.2,0.3333333333333333,"{""BULLISH"": 18, ""NEUTRAL"": 12}","{""BEARISH"": 14, ""BULLISH"": 16}"
v2_1_grid_016,0.5,0.4,0.1,0.1,0.25,0.20299823633156966,0.10714285714285714,0.06778420478931257,0.30187631563975653,1.0,False,,False,False,fold_1,30,0.2518518518518518,0.30414746543778803,0.3,1.0,"{""BULLISH"": 8, ""NEUTRAL"": 22}","{""BEARISH"": 1, ""BULLISH"": 20, ""NEUTRAL"": 9}"
v2_1_grid_016,0.5,0.4,0.1,0.1,0.25,0.20299823633156966,0.10714285714285714,0.06778420478931257,0.30187631563975653,1.0,False,,False,False,fold_2,29,0.10714285714285714,0.15703703703703706,0.13793103448275862,0.14285714285714285,"{""BEARISH"": 3, ""BULLISH"": 13, ""NEUTRAL"": 13}","{""BEARISH"": 3, ""BULLISH"": 14, ""NEUTRAL"": 12}"
v2_1_grid_016,0.5,0.4,0.1,0.1,0.25,0.20299823633156966,0.10714285714285714,0.06778420478931257,0.30187631563975653,1.0,False,,False,False,fold_3,30,0.25,0.4444444444444445,0.26666666666666666,0.36363636363636365,"{""BEARISH"": 2, ""BULLISH"": 20, ""NEUTRAL"": 8}","{""BEARISH"": 14, ""BULLISH"": 16}"
v2_1_grid_017,0.5,0.4,0.1,0.15,0.35714285714285715,0.3148809523809524,0.1875,0.0917555227968258,0.39508247743541863,1.0,False,,False,False,fold_1,30,0.39999999999999997,0.4238095238095238,0.43333333333333335,1.0,"{""BULLISH"": 4, ""NEUTRAL"": 26}","{""BEARISH"": 1, ""BULLISH"": 20, ""NEUTRAL"": 9}"
v2_1_grid_017,0.5,0.4,0.1,0.15,0.35714285714285715,0.3148809523809524,0.1875,0.0917555227968258,0.39508247743541863,1.0,False,,False,False,fold_2,29,0.35714285714285715,0.4084967320261438,0.4482758620689655,0.14285714285714285,"{""BEARISH"": 3, ""BULLISH"": 4, ""NEUTRAL"": 22}","{""BEARISH"": 3, ""BULLISH"": 14, ""NEUTRAL"": 12}"
v2_1_grid_017,0.5,0.4,0.1,0.15,0.35714285714285715,0.3148809523809524,0.1875,0.0917555227968258,0.39508247743541863,1.0,False,,False,False,fold_3,30,0.1875,0.35294117647058826,0.2,0.3,"{""BEARISH"": 2, ""BULLISH"": 18, ""NEUTRAL"": 10}","{""BEARISH"": 14, ""BULLISH"": 16}"
v2_1_grid_018,0.5,0.4,0.1,0.2,0.35714285714285715,0.3148809523809524,0.1875,0.0917555227968258,0.3917211328976035,1.0,False,,False,False,fold_1,30,0.39999999999999997,0.4238095238095238,0.43333333333333335,1.0,"{""BULLISH"": 4, ""NEUTRAL"": 26}","{""BEARISH"": 1, ""BULLISH"": 20, ""NEUTRAL"": 9}"
v2_1_grid_018,0.5,0.4,0.1,0.2,0.35714285714285715,0.3148809523809524,0.1875,0.0917555227968258,0.3917211328976035,1.0,False,,False,False,fold_2,29,0.35714285714285715,0.3984126984126984,0.4482758620689655,0.16666666666666666,"{""BEARISH"": 2, ""BULLISH"": 4, ""NEUTRAL"": 23}","{""BEARISH"": 3, ""BULLISH"": 14, ""NEUTRAL"": 12}"
v2_1_grid_018,0.5,0.4,0.1,0.2,0.35714285714285715,0.3148809523809524,0.1875,0.0917555227968258,0.3917211328976035,1.0,False,,False,False,fold_3,30,0.1875,0.35294117647058826,0.2,0.3,"{""BEARISH"": 2, ""BULLISH"": 18, ""NEUTRAL"": 10}","{""BEARISH"": 14, ""BULLISH"": 16}"
v2_1_grid_019,0.5,0.4,0.1,0.25,0.35714285714285715,0.3148809523809524,0.1875,0.0917555227968258,0.38231433599080655,1.0,False,,False,False,fold_1,30,0.39999999999999997,0.4238095238095238,0.43333333333333335,1.0,"{""BULLISH"": 4, ""NEUTRAL"": 26}","{""BEARISH"": 1, ""BULLISH"": 20, ""NEUTRAL"": 9}"
v2_1_grid_019,0.5,0.4,0.1,0.25,0.35714285714285715,0.3148809523809524,0.1875,0.0917555227968258,0.38231433599080655,1.0,False,,False,False,fold_2,29,0.35714285714285715,0.37019230769230765,0.4482758620689655,0.5,"{""BULLISH"": 2, ""NEUTRAL"": 27}","{""BEARISH"": 3, ""BULLISH"": 14, ""NEUTRAL"": 12}"
v2_1_grid_019,0.5,0.4,0.1,0.25,0.35714285714285715,0.3148809523809524,0.1875,0.0917555227968258,0.38231433599080655,1.0,False,,False,False,fold_3,30,0.1875,0.35294117647058826,0.2,0.3,"{""BEARISH"": 2, ""BULLISH"": 18, ""NEUTRAL"": 10}","{""BEARISH"": 14, ""BULLISH"": 16}"
v2_1_grid_020,0.5,0.4,0.1,0.3,0.3333333333333333,0.2926587301587302,0.1875,0.07499107614668356,0.39371543489190547,1.0,False,,False,False,fold_1,30,0.3333333333333333,0.4615384615384615,0.3,,"{""NEUTRAL"": 30}","{""BEARISH"": 1, ""BULLISH"": 20, ""NEUTRAL"": 9}"
v2_1_grid_020,0.5,0.4,0.1,0.3,0.3333333333333333,0.2926587301587302,0.1875,0.07499107614668356,0.39371543489190547,1.0,False,,False,False,fold_2,29,0.35714285714285715,0.36666666666666664,0.4482758620689655,1.0,"{""BULLISH"": 1, ""NEUTRAL"": 28}","{""BEARISH"": 3, ""BULLISH"": 14, ""NEUTRAL"": 12}"
v2_1_grid_020,0.5,0.4,0.1,0.3,0.3333333333333333,0.2926587301587302,0.1875,0.07499107614668356,0.39371543489190547,1.0,False,,False,False,fold_3,30,0.1875,0.35294117647058826,0.2,0.3333333333333333,"{""BULLISH"": 18, ""NEUTRAL"": 12}","{""BEARISH"": 14, ""BULLISH"": 16}"
v2_1_grid_021,0.5,0.45,0.05,0.1,0.25,0.20299823633156966,0.10714285714285714,0.06778420478931257,0.30187631563975653,1.0,False,,False,False,fold_1,30,0.2518518518518518,0.30414746543778803,0.3,1.0,"{""BULLISH"": 8, ""NEUTRAL"": 22}","{""BEARISH"": 1, ""BULLISH"": 20, ""NEUTRAL"": 9}"
v2_1_grid_021,0.5,0.45,0.05,0.1,0.25,0.20299823633156966,0.10714285714285714,0.06778420478931257,0.30187631563975653,1.0,False,,False,False,fold_2,29,0.10714285714285714,0.15703703703703706,0.13793103448275862,0.14285714285714285,"{""BEARISH"": 3, ""BULLISH"": 13, ""NEUTRAL"": 13}","{""BEARISH"": 3, ""BULLISH"": 14, ""NEUTRAL"": 12}"
v2_1_grid_021,0.5,0.45,0.05,0.1,0.25,0.20299823633156966,0.10714285714285714,0.06778420478931257,0.30187631563975653,1.0,False,,False,False,fold_3,30,0.25,0.4444444444444445,0.26666666666666666,0.36363636363636365,"{""BEARISH"": 2, ""BULLISH"": 20, ""NEUTRAL"": 8}","{""BEARISH"": 14, ""BULLISH"": 16}"
v2_1_grid_022,0.5,0.45,0.05,0.15,0.35714285714285715,0.3357142857142857,0.25,0.06308400618805604,0.42558356676003734,1.0,False,,False,False,fold_1,30,0.39999999999999997,0.4238095238095238,0.43333333333333335,1.0,"{""BULLISH"": 4, ""NEUTRAL"": 26}","{""BEARISH"": 1, ""BULLISH"": 20, ""NEUTRAL"": 9}"
v2_1_grid_022,0.5,0.45,0.05,0.15,0.35714285714285715,0.3357142857142857,0.25,0.06308400618805604,0.42558356676003734,1.0,False,,False,False,fold_2,29,0.35714285714285715,0.4084967320261438,0.4482758620689655,0.14285714285714285,"{""BEARISH"": 3, ""BULLISH"": 4, ""NEUTRAL"": 22}","{""BEARISH"": 3, ""BULLISH"": 14, ""NEUTRAL"": 12}"
v2_1_grid_022,0.5,0.45,0.05,0.15,0.35714285714285715,0.3357142857142857,0.25,0.06308400618805604,0.42558356676003734,1.0,False,,False,False,fold_3,30,0.25,0.4444444444444445,0.26666666666666666,0.36363636363636365,"{""BEARISH"": 2, ""BULLISH"": 20, ""NEUTRAL"": 8}","{""BEARISH"": 14, ""BULLISH"": 16}"
v2_1_grid_023,0.5,0.45,0.05,0.2,0.35714285714285715,0.3148809523809524,0.1875,0.0917555227968258,0.3917211328976035,1.0,False,,False,False,fold_1,30,0.39999999999999997,0.4238095238095238,0.43333333333333335,1.0,"{""BULLISH"": 4, ""NEUTRAL"": 26}","{""BEARISH"": 1, ""BULLISH"": 20, ""NEUTRAL"": 9}"
v2_1_grid_023,0.5,0.45,0.05,0.2,0.35714285714285715,0.3148809523809524,0.1875,0.0917555227968258,0.3917211328976035,1.0,False,,False,False,fold_2,29,0.35714285714285715,0.3984126984126984,0.4482758620689655,0.16666666666666666,"{""BEARISH"": 2, ""BULLISH"": 4, ""NEUTRAL"": 23}","{""BEARISH"": 3, ""BULLISH"": 14, ""NEUTRAL"": 12}"
v2_1_grid_023,0.5,0.45,0.05,0.2,0.35714285714285715,0.3148809523809524,0.1875,0.0917555227968258,0.3917211328976035,1.0,False,,False,False,fold_3,30,0.1875,0.35294117647058826,0.2,0.3,"{""BEARISH"": 2, ""BULLISH"": 18, ""NEUTRAL"": 10}","{""BEARISH"": 14, ""BULLISH"": 16}"
v2_1_grid_024,0.5,0.45,0.05,0.25,0.35714285714285715,0.3148809523809524,0.1875,0.0917555227968258,0.38231433599080655,1.0,False,,False,False,fold_1,30,0.39999999999999997,0.4238095238095238,0.43333333333333335,1.0,"{""BULLISH"": 4, ""NEUTRAL"": 26}","{""BEARISH"": 1, ""BULLISH"": 20, ""NEUTRAL"": 9}"
v2_1_grid_024,0.5,0.45,0.05,0.25,0.35714285714285715,0.3148809523809524,0.1875,0.0917555227968258,0.38231433599080655,1.0,False,,False,False,fold_2,29,0.35714285714285715,0.37019230769230765,0.4482758620689655,0.5,"{""BULLISH"": 2, ""NEUTRAL"": 27}","{""BEARISH"": 3, ""BULLISH"": 14, ""NEUTRAL"": 12}"
v2_1_grid_024,0.5,0.45,0.05,0.25,0.35714285714285715,0.3148809523809524,0.1875,0.0917555227968258,0.38231433599080655,1.0,False,,False,False,fold_3,30,0.1875,0.35294117647058826,0.2,0.3333333333333333,"{""BULLISH"": 18, ""NEUTRAL"": 12}","{""BEARISH"": 14, ""BULLISH"": 16}"
v2_1_grid_025,0.5,0.45,0.05,0.3,0.3333333333333333,0.2926587301587302,0.1875,0.07499107614668356,0.39371543489190547,1.0,False,,False,False,fold_1,30,0.3333333333333333,0.4615384615384615,0.3,,"{""NEUTRAL"": 30}","{""BEARISH"": 1, ""BULLISH"": 20, ""NEUTRAL"": 9}"
v2_1_grid_025,0.5,0.45,0.05,0.3,0.3333333333333333,0.2926587301587302,0.1875,0.07499107614668356,0.39371543489190547,1.0,False,,False,False,fold_2,29,0.35714285714285715,0.36666666666666664,0.4482758620689655,1.0,"{""BULLISH"": 1, ""NEUTRAL"": 28}","{""BEARISH"": 3, ""BULLISH"": 14, ""NEUTRAL"": 12}"
v2_1_grid_025,0.5,0.45,0.05,0.3,0.3333333333333333,0.2926587301587302,0.1875,0.07499107614668356,0.39371543489190547,1.0,False,,False,False,fold_3,30,0.1875,0.35294117647058826,0.2,0.3333333333333333,"{""BULLISH"": 18, ""NEUTRAL"": 12}","{""BEARISH"": 14, ""BULLISH"": 16}"
v2_1_grid_026,0.55,0.3,0.15,0.1,0.2518518518518518,0.286331569664903,0.25,0.05007684870632604,0.3856962139694588,1.0,False,,False,False,fold_1,30,0.2518518518518518,0.30414746543778803,0.3,1.0,"{""BULLISH"": 8, ""NEUTRAL"": 22}","{""BEARISH"": 1, ""BULLISH"": 20, ""NEUTRAL"": 9}"
v2_1_grid_026,0.55,0.3,0.15,0.1,0.2518518518518518,0.286331569664903,0.25,0.05007684870632604,0.3856962139694588,1.0,False,,False,False,fold_2,29,0.35714285714285715,0.4084967320261438,0.4482758620689655,0.14285714285714285,"{""BEARISH"": 3, ""BULLISH"": 4, ""NEUTRAL"": 22}","{""BEARISH"": 3, ""BULLISH"": 14, ""NEUTRAL"": 12}"
v2_1_grid_026,0.55,0.3,0.15,0.1,0.2518518518518518,0.286331569664903,0.25,0.05007684870632604,0.3856962139694588,1.0,False,,False,False,fold_3,30,0.25,0.4444444444444445,0.26666666666666666,0.36363636363636365,"{""BEARISH"": 2, ""BULLISH"": 20, ""NEUTRAL"": 8}","{""BEARISH"": 14, ""BULLISH"": 16}"
v2_1_grid_027,0.55,0.3,0.15,0.15,0.35714285714285715,0.3148809523809524,0.1875,0.0917555227968258,0.39508247743541863,1.0,False,,False,False,fold_1,30,0.39999999999999997,0.4238095238095238,0.43333333333333335,1.0,"{""BULLISH"": 4, ""NEUTRAL"": 26}","{""BEARISH"": 1, ""BULLISH"": 20, ""NEUTRAL"": 9}"
v2_1_grid_027,0.55,0.3,0.15,0.15,0.35714285714285715,0.3148809523809524,0.1875,0.0917555227968258,0.39508247743541863,1.0,False,,False,False,fold_2,29,0.35714285714285715,0.4084967320261438,0.4482758620689655,0.14285714285714285,"{""BEARISH"": 3, ""BULLISH"": 4, ""NEUTRAL"": 22}","{""BEARISH"": 3, ""BULLISH"": 14, ""NEUTRAL"": 12}"
v2_1_grid_027,0.55,0.3,0.15,0.15,0.35714285714285715,0.3148809523809524,0.1875,0.0917555227968258,0.39508247743541863,1.0,False,,False,False,fold_3,30,0.1875,0.35294117647058826,0.2,0.3,"{""BEARISH"": 2, ""BULLISH"": 18, ""NEUTRAL"": 10}","{""BEARISH"": 14, ""BULLISH"": 16}"
v2_1_grid_028,0.55,0.3,0.15,0.2,0.35714285714285715,0.3148809523809524,0.1875,0.0917555227968258,0.3908613445378151,1.0,False,,False,False,fold_1,30,0.39999999999999997,0.4238095238095238,0.43333333333333335,1.0,"{""BULLISH"": 4, ""NEUTRAL"": 26}","{""BEARISH"": 1, ""BULLISH"": 20, ""NEUTRAL"": 9}"
v2_1_grid_028,0.55,0.3,0.15,0.2,0.35714285714285715,0.3148809523809524,0.1875,0.0917555227968258,0.3908613445378151,1.0,False,,False,False,fold_2,29,0.35714285714285715,0.3958333333333333,0.4482758620689655,0.2,"{""BEARISH"": 3, ""BULLISH"": 2, ""NEUTRAL"": 24}","{""BEARISH"": 3, ""BULLISH"": 14, ""NEUTRAL"": 12}"
v2_1_grid_028,0.55,0.3,0.15,0.2,0.35714285714285715,0.3148809523809524,0.1875,0.0917555227968258,0.3908613445378151,1.0,False,,False,False,fold_3,30,0.1875,0.35294117647058826,0.2,0.3,"{""BEARISH"": 2, ""BULLISH"": 18, ""NEUTRAL"": 10}","{""BEARISH"": 14, ""BULLISH"": 16}"
v2_1_grid_029,0.55,0.3,0.15,0.25,0.35714285714285715,0.3148809523809524,0.1875,0.0917555227968258,0.38640228021032974,1.0,False,,False,False,fold_1,30,0.39999999999999997,0.4238095238095238,0.43333333333333335,1.0,"{""BULLISH"": 4, ""NEUTRAL"": 26}","{""BEARISH"": 1, ""BULLISH"": 20, ""NEUTRAL"": 9}"
v2_1_grid_029,0.55,0.3,0.15,0.25,0.35714285714285715,0.3148809523809524,0.1875,0.0917555227968258,0.38640228021032974,1.0,False,,False,False,fold_2,29,0.35714285714285715,0.38245614035087716,0.4482758620689655,0.3333333333333333,"{""BEARISH"": 2, ""BULLISH"": 1, ""NEUTRAL"": 26}","{""BEARISH"": 3, ""BULLISH"": 14, ""NEUTRAL"": 12}"
v2_1_grid_029,0.55,0.3,0.15,0.25,0.35714285714285715,0.3148809523809524,0.1875,0.0917555227968258,0.38640228021032974,1.0,False,,False,False,fold_3,30,0.1875,0.35294117647058826,0.2,0.3,"{""BEARISH"": 2, ""BULLISH"": 18, ""NEUTRAL"": 10}","{""BEARISH"": 14, ""BULLISH"": 16}"
v2_1_grid_030,0.55,0.3,0.15,0.3,0.3333333333333333,0.2926587301587302,0.1875,0.07499107614668356,0.39371543489190547,1.0,False,,False,False,fold_1,30,0.3333333333333333,0.4615384615384615,0.3,,"{""NEUTRAL"": 30}","{""BEARISH"": 1, ""BULLISH"": 20, ""NEUTRAL"": 9}"
v2_1_grid_030,0.55,0.3,0.15,0.3,0.3333333333333333,0.2926587301587302,0.1875,0.07499107614668356,0.39371543489190547,1.0,False,,False,False,fold_2,29,0.35714285714285715,0.36666666666666664,0.4482758620689655,1.0,"{""BULLISH"": 1, ""NEUTRAL"": 28}","{""BEARISH"": 3, ""BULLISH"": 14, ""NEUTRAL"": 12}"
v2_1_grid_030,0.55,0.3,0.15,0.3,0.3333333333333333,0.2926587301587302,0.1875,0.07499107614668356,0.39371543489190547,1.0,False,,False,False,fold_3,30,0.1875,0.35294117647058826,0.2,0.3333333333333333,"{""BULLISH"": 18, ""NEUTRAL"": 12}","{""BEARISH"": 14, ""BULLISH"": 16}"
v2_1_grid_031,0.55,0.35,0.1,0.1,0.2518518518518518,0.286331569664903,0.25,0.05007684870632604,0.3856962139694588,1.0,False,,False,False,fold_1,30,0.2518518518518518,0.30414746543778803,0.3,1.0,"{""BULLISH"": 8, ""NEUTRAL"": 22}","{""BEARISH"": 1, ""BULLISH"": 20, ""NEUTRAL"": 9}"
v2_1_grid_031,0.55,0.35,0.1,0.1,0.2518518518518518,0.286331569664903,0.25,0.05007684870632604,0.3856962139694588,1.0,False,,False,False,fold_2,29,0.35714285714285715,0.4084967320261438,0.4482758620689655,0.14285714285714285,"{""BEARISH"": 3, ""BULLISH"": 4, ""NEUTRAL"": 22}","{""BEARISH"": 3, ""BULLISH"": 14, ""NEUTRAL"": 12}"
v2_1_grid_031,0.55,0.35,0.1,0.1,0.2518518518518518,0.286331569664903,0.25,0.05007684870632604,0.3856962139694588,1.0,False,,False,False,fold_3,30,0.25,0.4444444444444445,0.26666666666666666,0.36363636363636365,"{""BEARISH"": 2, ""BULLISH"": 20, ""NEUTRAL"": 8}","{""BEARISH"": 14, ""BULLISH"": 16}"
v2_1_grid_032,0.55,0.35,0.1,0.15,0.35714285714285715,0.3148809523809524,0.1875,0.0917555227968258,0.39508247743541863,1.0,False,,False,False,fold_1,30,0.39999999999999997,0.4238095238095238,0.43333333333333335,1.0,"{""BULLISH"": 4, ""NEUTRAL"": 26}","{""BEARISH"": 1, ""BULLISH"": 20, ""NEUTRAL"": 9}"
v2_1_grid_032,0.55,0.35,0.1,0.15,0.35714285714285715,0.3148809523809524,0.1875,0.0917555227968258,0.39508247743541863,1.0,False,,False,False,fold_2,29,0.35714285714285715,0.4084967320261438,0.4482758620689655,0.14285714285714285,"{""BEARISH"": 3, ""BULLISH"": 4, ""NEUTRAL"": 22}","{""BEARISH"": 3, ""BULLISH"": 14, ""NEUTRAL"": 12}"
v2_1_grid_032,0.55,0.35,0.1,0.15,0.35714285714285715,0.3148809523809524,0.1875,0.0917555227968258,0.39508247743541863,1.0,False,,False,False,fold_3,30,0.1875,0.35294117647058826,0.2,0.3,"{""BEARISH"": 2, ""BULLISH"": 18, ""NEUTRAL"": 10}","{""BEARISH"": 14, ""BULLISH"": 16}"
v2_1_grid_034,0.55,0.35,0.1,0.25,0.35714285714285715,0.3148809523809524,0.1875,0.0917555227968258,0.38640228021032974,1.0,False,,False,False,fold_1,30,0.39999999999999997,0.4238095238095238,0.43333333333333335,1.0,"{""BULLISH"": 4, ""NEUTRAL"": 26}","{""BEARISH"": 1, ""BULLISH"": 20, ""NEUTRAL"": 9}"
v2_1_grid_034,0.55,0.35,0.1,0.25,0.35714285714285715,0.3148809523809524,0.1875,0.0917555227968258,0.38640228021032974,1.0,False,,False,False,fold_2,29,0.35714285714285715,0.38245614035087716,0.4482758620689655,0.3333333333333333,"{""BEARISH"": 2, ""BULLISH"": 1, ""NEUTRAL"": 26}","{""BEARISH"": 3, ""BULLISH"": 14, ""NEUTRAL"": 12}"
v2_1_grid_034,0.55,0.35,0.1,0.25,0.35714285714285715,0.3148809523809524,0.1875,0.0917555227968258,0.38640228021032974,1.0,False,,False,False,fold_3,30,0.1875,0.35294117647058826,0.2,0.3,"{""BEARISH"": 2, ""BULLISH"": 18, ""NEUTRAL"": 10}","{""BEARISH"": 14, ""BULLISH"": 16}"
v2_1_grid_035,0.55,0.35,0.1,0.3,0.3333333333333333,0.2926587301587302,0.1875,0.07499107614668356,0.39371543489190547,1.0,False,,False,False,fold_1,30,0.3333333333333333,0.4615384615384615,0.3,,"{""NEUTRAL"": 30}","{""BEARISH"": 1, ""BULLISH"": 20, ""NEUTRAL"": 9}"
v2_1_grid_035,0.55,0.35,0.1,0.3,0.3333333333333333,0.2926587301587302,0.1875,0.07499107614668356,0.39371543489190547,1.0,False,,False,False,fold_2,29,0.35714285714285715,0.36666666666666664,0.4482758620689655,1.0,"{""BULLISH"": 1, ""NEUTRAL"": 28}","{""BEARISH"": 3, ""BULLISH"": 14, ""NEUTRAL"": 12}"
v2_1_grid_035,0.55,0.35,0.1,0.3,0.3333333333333333,0.2926587301587302,0.1875,0.07499107614668356,0.39371543489190547,1.0,False,,False,False,fold_3,30,0.1875,0.35294117647058826,0.2,0.3333333333333333,"{""BULLISH"": 18, ""NEUTRAL"": 12}","{""BEARISH"": 14, ""BULLISH"": 16}"
v2_1_grid_036,0.55,0.4,0.05,0.1,0.25,0.20299823633156966,0.10714285714285714,0.06778420478931257,0.30187631563975653,1.0,False,,False,False,fold_1,30,0.2518518518518518,0.30414746543778803,0.3,1.0,"{""BULLISH"": 8, ""NEUTRAL"": 22}","{""BEARISH"": 1, ""BULLISH"": 20, ""NEUTRAL"": 9}"
v2_1_grid_036,0.55,0.4,0.05,0.1,0.25,0.20299823633156966,0.10714285714285714,0.06778420478931257,0.30187631563975653,1.0,False,,False,False,fold_2,29,0.10714285714285714,0.15703703703703706,0.13793103448275862,0.14285714285714285,"{""BEARISH"": 3, ""BULLISH"": 13, ""NEUTRAL"": 13}","{""BEARISH"": 3, ""BULLISH"": 14, ""NEUTRAL"": 12}"
v2_1_grid_036,0.55,0.4,0.05,0.1,0.25,0.20299823633156966,0.10714285714285714,0.06778420478931257,0.30187631563975653,1.0,False,,False,False,fold_3,30,0.25,0.4444444444444445,0.26666666666666666,0.36363636363636365,"{""BEARISH"": 2, ""BULLISH"": 20, ""NEUTRAL"": 8}","{""BEARISH"": 14, ""BULLISH"": 16}"
v2_1_grid_037,0.55,0.4,0.05,0.15,0.35714285714285715,0.3148809523809524,0.1875,0.0917555227968258,0.39508247743541863,1.0,False,,False,False,fold_1,30,0.39999999999999997,0.4238095238095238,0.43333333333333335,1.0,"{""BULLISH"": 4, ""NEUTRAL"": 26}","{""BEARISH"": 1, ""BULLISH"": 20, ""NEUTRAL"": 9}"
v2_1_grid_037,0.55,0.4,0.05,0.15,0.35714285714285715,0.3148809523809524,0.1875,0.0917555227968258,0.39508247743541863,1.0,False,,False,False,fold_2,29,0.35714285714285715,0.4084967320261438,0.4482758620689655,0.14285714285714285,"{""BEARISH"": 3, ""BULLISH"": 4, ""NEUTRAL"": 22}","{""BEARISH"": 3, ""BULLISH"": 14, ""NEUTRAL"": 12}"
v2_1_grid_037,0.55,0.4,0.05,0.15,0.35714285714285715,0.3148809523809524,0.1875,0.0917555227968258,0.39508247743541863,1.0,False,,False,False,fold_3,30,0.1875,0.35294117647058826,0.2,0.3,"{""BEARISH"": 2, ""BULLISH"": 18, ""NEUTRAL"": 10}","{""BEARISH"": 14, ""BULLISH"": 16}"
v2_1_grid_038,0.55,0.4,0.05,0.2,0.35714285714285715,0.3148809523809524,0.1875,0.0917555227968258,0.3917211328976035,1.0,False,,False,False,fold_1,30,0.39999999999999997,0.4238095238095238,0.43333333333333335,1.0,"{""BULLISH"": 4, ""NEUTRAL"": 26}","{""BEARISH"": 1, ""BULLISH"": 20, ""NEUTRAL"": 9}"
v2_1_grid_038,0.55,0.4,0.05,0.2,0.35714285714285715,0.3148809523809524,0.1875,0.0917555227968258,0.3917211328976035,1.0,False,,False,False,fold_2,29,0.35714285714285715,0.3984126984126984,0.4482758620689655,0.16666666666666666,"{""BEARISH"": 2, ""BULLISH"": 4, ""NEUTRAL"": 23}","{""BEARISH"": 3, ""BULLISH"": 14, ""NEUTRAL"": 12}"
v2_1_grid_038,0.55,0.4,0.05,0.2,0.35714285714285715,0.3148809523809524,0.1875,0.0917555227968258,0.3917211328976035,1.0,False,,False,False,fold_3,30,0.1875,0.35294117647058826,0.2,0.3,"{""BEARISH"": 2, ""BULLISH"": 18, ""NEUTRAL"": 10}","{""BEARISH"": 14, ""BULLISH"": 16}"
v2_1_grid_039,0.55,0.4,0.05,0.25,0.35714285714285715,0.3148809523809524,0.1875,0.0917555227968258,0.3878583415348122,1.0,False,,False,False,fold_1,30,0.39999999999999997,0.4238095238095238,0.43333333333333335,1.0,"{""BULLISH"": 4, ""NEUTRAL"": 26}","{""BEARISH"": 1, ""BULLISH"": 20, ""NEUTRAL"": 9}"
v2_1_grid_039,0.55,0.4,0.05,0.25,0.35714285714285715,0.3148809523809524,0.1875,0.0917555227968258,0.3878583415348122,1.0,False,,False,False,fold_2,29,0.35714285714285715,0.38682432432432434,0.4482758620689655,0.25,"{""BEARISH"": 2, ""BULLISH"": 2, ""NEUTRAL"": 25}","{""BEARISH"": 3, ""BULLISH"": 14, ""NEUTRAL"": 12}"
v2_1_grid_039,0.55,0.4,0.05,0.25,0.35714285714285715,0.3148809523809524,0.1875,0.0917555227968258,0.3878583415348122,1.0,False,,False,False,fold_3,30,0.1875,0.35294117647058826,0.2,0.3,"{""BEARISH"": 2, ""BULLISH"": 18, ""NEUTRAL"": 10}","{""BEARISH"": 14, ""BULLISH"": 16}"
v2_1_grid_040,0.55,0.4,0.05,0.3,0.3333333333333333,0.2926587301587302,0.1875,0.07499107614668356,0.39371543489190547,1.0,False,,False,False,fold_1,30,0.3333333333333333,0.4615384615384615,0.3,,"{""NEUTRAL"": 30}","{""BEARISH"": 1, ""BULLISH"": 20, ""NEUTRAL"": 9}"
v2_1_grid_040,0.55,0.4,0.05,0.3,0.3333333333333333,0.2926587301587302,0.1875,0.07499107614668356,0.39371543489190547,1.0,False,,False,False,fold_2,29,0.35714285714285715,0.36666666666666664,0.4482758620689655,1.0,"{""BULLISH"": 1, ""NEUTRAL"": 28}","{""BEARISH"": 3, ""BULLISH"": 14, ""NEUTRAL"": 12}"
v2_1_grid_040,0.55,0.4,0.05,0.3,0.3333333333333333,0.2926587301587302,0.1875,0.07499107614668356,0.39371543489190547,1.0,False,,False,False,fold_3,30,0.1875,0.35294117647058826,0.2,0.3333333333333333,"{""BULLISH"": 18, ""NEUTRAL"": 12}","{""BEARISH"": 14, ""BULLISH"": 16}"
v2_1_grid_041,0.55,0.45,0.0,0.1,0.25,0.20299823633156966,0.10714285714285714,0.06778420478931257,0.30187631563975653,1.0,False,,False,False,fold_1,30,0.2518518518518518,0.30414746543778803,0.3,1.0,"{""BULLISH"": 8, ""NEUTRAL"": 22}","{""BEARISH"": 1, ""BULLISH"": 20, ""NEUTRAL"": 9}"
v2_1_grid_041,0.55,0.45,0.0,0.1,0.25,0.20299823633156966,0.10714285714285714,0.06778420478931257,0.30187631563975653,1.0,False,,False,False,fold_2,29,0.10714285714285714,0.15703703703703706,0.13793103448275862,0.14285714285714285,"{""BEARISH"": 3, ""BULLISH"": 13, ""NEUTRAL"": 13}","{""BEARISH"": 3, ""BULLISH"": 14, ""NEUTRAL"": 12}"
v2_1_grid_041,0.55,0.45,0.0,0.1,0.25,0.20299823633156966,0.10714285714285714,0.06778420478931257,0.30187631563975653,1.0,False,,False,False,fold_3,30,0.25,0.4444444444444445,0.26666666666666666,0.36363636363636365,"{""BEARISH"": 2, ""BULLISH"": 20, ""NEUTRAL"": 8}","{""BEARISH"": 14, ""BULLISH"": 16}"
v2_1_grid_043,0.55,0.45,0.0,0.2,0.35714285714285715,0.3148809523809524,0.1875,0.0917555227968258,0.3917211328976035,1.0,False,,False,False,fold_1,30,0.39999999999999997,0.4238095238095238,0.43333333333333335,1.0,"{""BULLISH"": 4, ""NEUTRAL"": 26}","{""BEARISH"": 1, ""BULLISH"": 20, ""NEUTRAL"": 9}"
v2_1_grid_043,0.55,0.45,0.0,0.2,0.35714285714285715,0.3148809523809524,0.1875,0.0917555227968258,0.3917211328976035,1.0,False,,False,False,fold_2,29,0.35714285714285715,0.3984126984126984,0.4482758620689655,0.16666666666666666,"{""BEARISH"": 2, ""BULLISH"": 4, ""NEUTRAL"": 23}","{""BEARISH"": 3, ""BULLISH"": 14, ""NEUTRAL"": 12}"
v2_1_grid_043,0.55,0.45,0.0,0.2,0.35714285714285715,0.3148809523809524,0.1875,0.0917555227968258,0.3917211328976035,1.0,False,,False,False,fold_3,30,0.1875,0.35294117647058826,0.2,0.3,"{""BEARISH"": 2, ""BULLISH"": 18, ""NEUTRAL"": 10}","{""BEARISH"": 14, ""BULLISH"": 16}"
v2_1_grid_044,0.55,0.45,0.0,0.25,0.35714285714285715,0.3148809523809524,0.1875,0.0917555227968258,0.3855435267199973,1.0,False,,False,False,fold_1,30,0.39999999999999997,0.4238095238095238,0.43333333333333335,1.0,"{""BULLISH"": 4, ""NEUTRAL"": 26}","{""BEARISH"": 1, ""BULLISH"": 20, ""NEUTRAL"": 9}"
v2_1_grid_044,0.55,0.45,0.0,0.25,0.35714285714285715,0.3148809523809524,0.1875,0.0917555227968258,0.3855435267199973,1.0,False,,False,False,fold_2,29,0.35714285714285715,0.3798798798798799,0.4482758620689655,0.25,"{""BULLISH"": 4, ""NEUTRAL"": 25}","{""BEARISH"": 3, ""BULLISH"": 14, ""NEUTRAL"": 12}"
v2_1_grid_044,0.55,0.45,0.0,0.25,0.35714285714285715,0.3148809523809524,0.1875,0.0917555227968258,0.3855435267199973,1.0,False,,False,False,fold_3,30,0.1875,0.35294117647058826,0.2,0.3,"{""BEARISH"": 2, ""BULLISH"": 18, ""NEUTRAL"": 10}","{""BEARISH"": 14, ""BULLISH"": 16}"
v2_1_grid_045,0.55,0.45,0.0,0.3,0.3333333333333333,0.2926587301587302,0.1875,0.07499107614668356,0.39371543489190547,1.0,False,,False,False,fold_1,30,0.3333333333333333,0.4615384615384615,0.3,,"{""NEUTRAL"": 30}","{""BEARISH"": 1, ""BULLISH"": 20, ""NEUTRAL"": 9}"
v2_1_grid_045,0.55,0.45,0.0,0.3,0.3333333333333333,0.2926587301587302,0.1875,0.07499107614668356,0.39371543489190547,1.0,False,,False,False,fold_2,29,0.35714285714285715,0.36666666666666664,0.4482758620689655,1.0,"{""BULLISH"": 1, ""NEUTRAL"": 28}","{""BEARISH"": 3, ""BULLISH"": 14, ""NEUTRAL"": 12}"
v2_1_grid_045,0.55,0.45,0.0,0.3,0.3333333333333333,0.2926587301587302,0.1875,0.07499107614668356,0.39371543489190547,1.0,False,,False,False,fold_3,30,0.1875,0.35294117647058826,0.2,0.3333333333333333,"{""BULLISH"": 18, ""NEUTRAL"": 12}","{""BEARISH"": 14, ""BULLISH"": 16}"
v2_1_grid_046,0.6,0.25,0.15,0.1,0.25,0.2563492063492063,0.06666666666666667,0.15753118604891966,0.45247715247715253,1.0,False,,False,False,fold_1,30,0.06666666666666667,0.28571428571428575,0.13333333333333333,1.0,"{""BEARISH"": 5, ""BULLISH"": 8, ""NEUTRAL"": 17}","{""BEARISH"": 1, ""BULLISH"": 20, ""NEUTRAL"": 9}"
v2_1_grid_046,0.6,0.25,0.15,0.1,0.25,0.2563492063492063,0.06666666666666667,0.15753118604891966,0.45247715247715253,1.0,False,,False,False,fold_2,29,0.4523809523809524,0.6272727272727273,0.5862068965517241,0.45454545454545453,"{""BEARISH"": 3, ""BULLISH"": 8, ""NEUTRAL"": 18}","{""BEARISH"": 3, ""BULLISH"": 14, ""NEUTRAL"": 12}"
v2_1_grid_046,0.6,0.25,0.15,0.1,0.25,0.2563492063492063,0.06666666666666667,0.15753118604891966,0.45247715247715253,1.0,False,,False,False,fold_3,30,0.25,0.4444444444444445,0.26666666666666666,0.36363636363636365,"{""BEARISH"": 2, ""BULLISH"": 20, ""NEUTRAL"": 8}","{""BEARISH"": 14, ""BULLISH"": 16}"
v2_1_grid_047,0.6,0.25,0.15,0.15,0.35714285714285715,0.3148809523809524,0.1875,0.0917555227968258,0.39508247743541863,1.0,False,,False,False,fold_1,30,0.39999999999999997,0.4238095238095238,0.43333333333333335,1.0,"{""BULLISH"": 4, ""NEUTRAL"": 26}","{""BEARISH"": 1, ""BULLISH"": 20, ""NEUTRAL"": 9}"
v2_1_grid_047,0.6,0.25,0.15,0.15,0.35714285714285715,0.3148809523809524,0.1875,0.0917555227968258,0.39508247743541863,1.0,False,,False,False,fold_2,29,0.35714285714285715,0.4084967320261438,0.4482758620689655,0.14285714285714285,"{""BEARISH"": 3, ""BULLISH"": 4, ""NEUTRAL"": 22}","{""BEARISH"": 3, ""BULLISH"": 14, ""NEUTRAL"": 12}"
v2_1_grid_047,0.6,0.25,0.15,0.15,0.35714285714285715,0.3148809523809524,0.1875,0.0917555227968258,0.39508247743541863,1.0,False,,False,False,fold_3,30,0.1875,0.35294117647058826,0.2,0.3,"{""BEARISH"": 2, ""BULLISH"": 18, ""NEUTRAL"": 10}","{""BEARISH"": 14, ""BULLISH"": 16}"
v2_1_grid_048,0.6,0.25,0.15,0.2,0.35714285714285715,0.3148809523809524,0.1875,0.0917555227968258,0.3908613445378151,1.0,False,,False,False,fold_1,30,0.39999999999999997,0.4238095238095238,0.43333333333333335,1.0,"{""BULLISH"": 4, ""NEUTRAL"": 26}","{""BEARISH"": 1, ""BULLISH"": 20, ""NEUTRAL"": 9}"
v2_1_grid_048,0.6,0.25,0.15,0.2,0.35714285714285715,0.3148809523809524,0.1875,0.0917555227968258,0.3908613445378151,1.0,False,,False,False,fold_2,29,0.35714285714285715,0.3958333333333333,0.4482758620689655,0.2,"{""BEARISH"": 3, ""BULLISH"": 2, ""NEUTRAL"": 24}","{""BEARISH"": 3, ""BULLISH"": 14, ""NEUTRAL"": 12}"
v2_1_grid_048,0.6,0.25,0.15,0.2,0.35714285714285715,0.3148809523809524,0.1875,0.0917555227968258,0.3908613445378151,1.0,False,,False,False,fold_3,30,0.1875,0.35294117647058826,0.2,0.3,"{""BEARISH"": 2, ""BULLISH"": 18, ""NEUTRAL"": 10}","{""BEARISH"": 14, ""BULLISH"": 16}"
v2_1_grid_049,0.6,0.25,0.15,0.25,0.35714285714285715,0.3148809523809524,0.1875,0.0917555227968258,0.38924723042370096,1.0,False,,False,False,fold_1,30,0.39999999999999997,0.4238095238095238,0.43333333333333335,1.0,"{""BULLISH"": 4, ""NEUTRAL"": 26}","{""BEARISH"": 1, ""BULLISH"": 20, ""NEUTRAL"": 9}"
v2_1_grid_049,0.6,0.25,0.15,0.25,0.35714285714285715,0.3148809523809524,0.1875,0.0917555227968258,0.38924723042370096,1.0,False,,False,False,fold_2,29,0.35714285714285715,0.390990990990991,0.4482758620689655,0.25,"{""BEARISH"": 3, ""BULLISH"": 1, ""NEUTRAL"": 25}","{""BEARISH"": 3, ""BULLISH"": 14, ""NEUTRAL"": 12}"
v2_1_grid_049,0.6,0.25,0.15,0.25,0.35714285714285715,0.3148809523809524,0.1875,0.0917555227968258,0.38924723042370096,1.0,False,,False,False,fold_3,30,0.1875,0.35294117647058826,0.2,0.3,"{""BEARISH"": 2, ""BULLISH"": 18, ""NEUTRAL"": 10}","{""BEARISH"": 14, ""BULLISH"": 16}"
v2_1_grid_050,0.6,0.25,0.15,0.3,0.3333333333333333,0.2926587301587302,0.1875,0.07499107614668356,0.39371543489190547,1.0,False,,False,False,fold_1,30,0.3333333333333333,0.4615384615384615,0.3,,"{""NEUTRAL"": 30}","{""BEARISH"": 1, ""BULLISH"": 20, ""NEUTRAL"": 9}"
v2_1_grid_050,0.6,0.25,0.15,0.3,0.3333333333333333,0.2926587301587302,0.1875,0.07499107614668356,0.39371543489190547,1.0,False,,False,False,fold_2,29,0.35714285714285715,0.36666666666666664,0.4482758620689655,1.0,"{""BULLISH"": 1, ""NEUTRAL"": 28}","{""BEARISH"": 3, ""BULLISH"": 14, ""NEUTRAL"": 12}"
v2_1_grid_050,0.6,0.25,0.15,0.3,0.3333333333333333,0.2926587301587302,0.1875,0.07499107614668356,0.39371543489190547,1.0,False,,False,False,fold_3,30,0.1875,0.35294117647058826,0.2,0.3,"{""BEARISH"": 2, ""BULLISH"": 18, ""NEUTRAL"": 10}","{""BEARISH"": 14, ""BULLISH"": 16}"
v2_1_grid_051,0.6,0.3,0.1,0.1,0.25,0.2563492063492063,0.06666666666666667,0.15753118604891966,0.45247715247715253,1.0,False,,False,False,fold_1,30,0.06666666666666667,0.28571428571428575,0.13333333333333333,1.0,"{""BEARISH"": 5, ""BULLISH"": 8, ""NEUTRAL"": 17}","{""BEARISH"": 1, ""BULLISH"": 20, ""NEUTRAL"": 9}"
v2_1_grid_051,0.6,0.3,0.1,0.1,0.25,0.2563492063492063,0.06666666666666667,0.15753118604891966,0.45247715247715253,1.0,False,,False,False,fold_2,29,0.4523809523809524,0.6272727272727273,0.5862068965517241,0.45454545454545453,"{""BEARISH"": 3, ""BULLISH"": 8, ""NEUTRAL"": 18}","{""BEARISH"": 3, ""BULLISH"": 14, ""NEUTRAL"": 12}"
v2_1_grid_051,0.6,0.3,0.1,0.1,0.25,0.2563492063492063,0.06666666666666667,0.15753118604891966,0.45247715247715253,1.0,False,,False,False,fold_3,30,0.25,0.4444444444444445,0.26666666666666666,0.36363636363636365,"{""BEARISH"": 2, ""BULLISH"": 20, ""NEUTRAL"": 8}","{""BEARISH"": 14, ""BULLISH"": 16}"
v2_1_grid_052,0.6,0.3,0.1,0.15,0.35714285714285715,0.3148809523809524,0.1875,0.0917555227968258,0.39508247743541863,1.0,False,,False,False,fold_1,30,0.39999999999999997,0.4238095238095238,0.43333333333333335,1.0,"{""BULLISH"": 4, ""NEUTRAL"": 26}","{""BEARISH"": 1, ""BULLISH"": 20, ""NEUTRAL"": 9}"
v2_1_grid_052,0.6,0.3,0.1,0.15,0.35714285714285715,0.3148809523809524,0.1875,0.0917555227968258,0.39508247743541863,1.0,False,,False,False,fold_2,29,0.35714285714285715,0.4084967320261438,0.4482758620689655,0.14285714285714285,"{""BEARISH"": 3, ""BULLISH"": 4, ""NEUTRAL"": 22}","{""BEARISH"": 3, ""BULLISH"": 14, ""NEUTRAL"": 12}"
v2_1_grid_052,0.6,0.3,0.1,0.15,0.35714285714285715,0.3148809523809524,0.1875,0.0917555227968258,0.39508247743541863,1.0,False,,False,False,fold_3,30,0.1875,0.35294117647058826,0.2,0.3,"{""BEARISH"": 2, ""BULLISH"": 18, ""NEUTRAL"": 10}","{""BEARISH"": 14, ""BULLISH"": 16}"
v2_1_grid_053,0.6,0.3,0.1,0.2,0.35714285714285715,0.3148809523809524,0.1875,0.0917555227968258,0.3908613445378151,1.0,False,,False,False,fold_1,30,0.39999999999999997,0.4238095238095238,0.43333333333333335,1.0,"{""BULLISH"": 4, ""NEUTRAL"": 26}","{""BEARISH"": 1, ""BULLISH"": 20, ""NEUTRAL"": 9}"
v2_1_grid_053,0.6,0.3,0.1,0.2,0.35714285714285715,0.3148809523809524,0.1875,0.0917555227968258,0.3908613445378151,1.0,False,,False,False,fold_2,29,0.35714285714285715,0.3958333333333333,0.4482758620689655,0.2,"{""BEARISH"": 3, ""BULLISH"": 2, ""NEUTRAL"": 24}","{""BEARISH"": 3, ""BULLISH"": 14, ""NEUTRAL"": 12}"
v2_1_grid_053,0.6,0.3,0.1,0.2,0.35714285714285715,0.3148809523809524,0.1875,0.0917555227968258,0.3908613445378151,1.0,False,,False,False,fold_3,30,0.1875,0.35294117647058826,0.2,0.3,"{""BEARISH"": 2, ""BULLISH"": 18, ""NEUTRAL"": 10}","{""BEARISH"": 14, ""BULLISH"": 16}"
v2_1_grid_054,0.6,0.3,0.1,0.25,0.35714285714285715,0.3148809523809524,0.1875,0.0917555227968258,0.38640228021032974,1.0,False,,False,False,fold_1,30,0.39999999999999997,0.4238095238095238,0.43333333333333335,1.0,"{""BULLISH"": 4, ""NEUTRAL"": 26}","{""BEARISH"": 1, ""BULLISH"": 20, ""NEUTRAL"": 9}"
v2_1_grid_054,0.6,0.3,0.1,0.25,0.35714285714285715,0.3148809523809524,0.1875,0.0917555227968258,0.38640228021032974,1.0,False,,False,False,fold_2,29,0.35714285714285715,0.38245614035087716,0.4482758620689655,0.3333333333333333,"{""BEARISH"": 2, ""BULLISH"": 1, ""NEUTRAL"": 26}","{""BEARISH"": 3, ""BULLISH"": 14, ""NEUTRAL"": 12}"
v2_1_grid_054,0.6,0.3,0.1,0.25,0.35714285714285715,0.3148809523809524,0.1875,0.0917555227968258,0.38640228021032974,1.0,False,,False,False,fold_3,30,0.1875,0.35294117647058826,0.2,0.3,"{""BEARISH"": 2, ""BULLISH"": 18, ""NEUTRAL"": 10}","{""BEARISH"": 14, ""BULLISH"": 16}"
v2_1_grid_055,0.6,0.3,0.1,0.3,0.3333333333333333,0.2926587301587302,0.1875,0.07499107614668356,0.39371543489190547,1.0,False,,False,False,fold_1,30,0.3333333333333333,0.4615384615384615,0.3,,"{""NEUTRAL"": 30}","{""BEARISH"": 1, ""BULLISH"": 20, ""NEUTRAL"": 9}"
v2_1_grid_055,0.6,0.3,0.1,0.3,0.3333333333333333,0.2926587301587302,0.1875,0.07499107614668356,0.39371543489190547,1.0,False,,False,False,fold_2,29,0.35714285714285715,0.36666666666666664,0.4482758620689655,1.0,"{""BULLISH"": 1, ""NEUTRAL"": 28}","{""BEARISH"": 3, ""BULLISH"": 14, ""NEUTRAL"": 12}"
v2_1_grid_055,0.6,0.3,0.1,0.3,0.3333333333333333,0.2926587301587302,0.1875,0.07499107614668356,0.39371543489190547,1.0,False,,False,False,fold_3,30,0.1875,0.35294117647058826,0.2,0.3,"{""BEARISH"": 2, ""BULLISH"": 18, ""NEUTRAL"": 10}","{""BEARISH"": 14, ""BULLISH"": 16}"
v2_1_grid_056,0.6,0.35,0.05,0.1,0.2518518518518518,0.286331569664903,0.25,0.05007684870632604,0.3856962139694588,1.0,False,,False,False,fold_1,30,0.2518518518518518,0.30414746543778803,0.3,1.0,"{""BULLISH"": 8, ""NEUTRAL"": 22}","{""BEARISH"": 1, ""BULLISH"": 20, ""NEUTRAL"": 9}"
v2_1_grid_056,0.6,0.35,0.05,0.1,0.2518518518518518,0.286331569664903,0.25,0.05007684870632604,0.3856962139694588,1.0,False,,False,False,fold_2,29,0.35714285714285715,0.4084967320261438,0.4482758620689655,0.14285714285714285,"{""BEARISH"": 3, ""BULLISH"": 4, ""NEUTRAL"": 22}","{""BEARISH"": 3, ""BULLISH"": 14, ""NEUTRAL"": 12}"
v2_1_grid_056,0.6,0.35,0.05,0.1,0.2518518518518518,0.286331569664903,0.25,0.05007684870632604,0.3856962139694588,1.0,False,,False,False,fold_3,30,0.25,0.4444444444444445,0.26666666666666666,0.36363636363636365,"{""BEARISH"": 2, ""BULLISH"": 20, ""NEUTRAL"": 8}","{""BEARISH"": 14, ""BULLISH"": 16}"
v2_1_grid_057,0.6,0.35,0.05,0.15,0.35714285714285715,0.3148809523809524,0.1875,0.0917555227968258,0.39508247743541863,1.0,False,,False,False,fold_1,30,0.39999999999999997,0.4238095238095238,0.43333333333333335,1.0,"{""BULLISH"": 4, ""NEUTRAL"": 26}","{""BEARISH"": 1, ""BULLISH"": 20, ""NEUTRAL"": 9}"
v2_1_grid_057,0.6,0.35,0.05,0.15,0.35714285714285715,0.3148809523809524,0.1875,0.0917555227968258,0.39508247743541863,1.0,False,,False,False,fold_2,29,0.35714285714285715,0.4084967320261438,0.4482758620689655,0.14285714285714285,"{""BEARISH"": 3, ""BULLISH"": 4, ""NEUTRAL"": 22}","{""BEARISH"": 3, ""BULLISH"": 14, ""NEUTRAL"": 12}"
v2_1_grid_057,0.6,0.35,0.05,0.15,0.35714285714285715,0.3148809523809524,0.1875,0.0917555227968258,0.39508247743541863,1.0,False,,False,False,fold_3,30,0.1875,0.35294117647058826,0.2,0.3,"{""BEARISH"": 2, ""BULLISH"": 18, ""NEUTRAL"": 10}","{""BEARISH"": 14, ""BULLISH"": 16}"
v2_1_grid_058,0.6,0.35,0.05,0.2,0.35714285714285715,0.3148809523809524,0.1875,0.0917555227968258,0.39508247743541863,1.0,False,,False,False,fold_1,30,0.39999999999999997,0.4238095238095238,0.43333333333333335,1.0,"{""BULLISH"": 4, ""NEUTRAL"": 26}","{""BEARISH"": 1, ""BULLISH"": 20, ""NEUTRAL"": 9}"
v2_1_grid_058,0.6,0.35,0.05,0.2,0.35714285714285715,0.3148809523809524,0.1875,0.0917555227968258,0.39508247743541863,1.0,False,,False,False,fold_2,29,0.35714285714285715,0.4084967320261438,0.4482758620689655,0.14285714285714285,"{""BEARISH"": 3, ""BULLISH"": 4, ""NEUTRAL"": 22}","{""BEARISH"": 3, ""BULLISH"": 14, ""NEUTRAL"": 12}"
v2_1_grid_058,0.6,0.35,0.05,0.2,0.35714285714285715,0.3148809523809524,0.1875,0.0917555227968258,0.39508247743541863,1.0,False,,False,False,fold_3,30,0.1875,0.35294117647058826,0.2,0.3,"{""BEARISH"": 2, ""BULLISH"": 18, ""NEUTRAL"": 10}","{""BEARISH"": 14, ""BULLISH"": 16}"
v2_1_grid_059,0.6,0.35,0.05,0.25,0.35714285714285715,0.3148809523809524,0.1875,0.0917555227968258,0.3878583415348122,1.0,False,,False,False,fold_1,30,0.39999999999999997,0.4238095238095238,0.43333333333333335,1.0,"{""BULLISH"": 4, ""NEUTRAL"": 26}","{""BEARISH"": 1, ""BULLISH"": 20, ""NEUTRAL"": 9}"
v2_1_grid_059,0.6,0.35,0.05,0.25,0.35714285714285715,0.3148809523809524,0.1875,0.0917555227968258,0.3878583415348122,1.0,False,,False,False,fold_2,29,0.35714285714285715,0.38682432432432434,0.4482758620689655,0.25,"{""BEARISH"": 2, ""BULLISH"": 2, ""NEUTRAL"": 25}","{""BEARISH"": 3, ""BULLISH"": 14, ""NEUTRAL"": 12}"
v2_1_grid_059,0.6,0.35,0.05,0.25,0.35714285714285715,0.3148809523809524,0.1875,0.0917555227968258,0.3878583415348122,1.0,False,,False,False,fold_3,30,0.1875,0.35294117647058826,0.2,0.3,"{""BEARISH"": 2, ""BULLISH"": 18, ""NEUTRAL"": 10}","{""BEARISH"": 14, ""BULLISH"": 16}"
v2_1_grid_060,0.6,0.35,0.05,0.3,0.35714285714285715,0.3148809523809524,0.1875,0.0917555227968258,0.3811391223155929,1.0,False,,False,False,fold_1,30,0.39999999999999997,0.4238095238095238,0.43333333333333335,1.0,"{""BULLISH"": 4, ""NEUTRAL"": 26}","{""BEARISH"": 1, ""BULLISH"": 20, ""NEUTRAL"": 9}"
v2_1_grid_060,0.6,0.35,0.05,0.3,0.35714285714285715,0.3148809523809524,0.1875,0.0917555227968258,0.3811391223155929,1.0,False,,False,False,fold_2,29,0.35714285714285715,0.36666666666666664,0.4482758620689655,1.0,"{""BULLISH"": 1, ""NEUTRAL"": 28}","{""BEARISH"": 3, ""BULLISH"": 14, ""NEUTRAL"": 12}"
v2_1_grid_060,0.6,0.35,0.05,0.3,0.35714285714285715,0.3148809523809524,0.1875,0.0917555227968258,0.3811391223155929,1.0,False,,False,False,fold_3,30,0.1875,0.35294117647058826,0.2,0.3,"{""BEARISH"": 2, ""BULLISH"": 18, ""NEUTRAL"": 10}","{""BEARISH"": 14, ""BULLISH"": 16}"
v2_1_grid_061,0.6,0.4,0.0,0.1,0.25,0.20299823633156966,0.10714285714285714,0.06778420478931257,0.30187631563975653,1.0,False,,False,False,fold_1,30,0.2518518518518518,0.30414746543778803,0.3,1.0,"{""BULLISH"": 8, ""NEUTRAL"": 22}","{""BEARISH"": 1, ""BULLISH"": 20, ""NEUTRAL"": 9}"
v2_1_grid_061,0.6,0.4,0.0,0.1,0.25,0.20299823633156966,0.10714285714285714,0.06778420478931257,0.30187631563975653,1.0,False,,False,False,fold_2,29,0.10714285714285714,0.15703703703703706,0.13793103448275862,0.14285714285714285,"{""BEARISH"": 3, ""BULLISH"": 13, ""NEUTRAL"": 13}","{""BEARISH"": 3, ""BULLISH"": 14, ""NEUTRAL"": 12}"
v2_1_grid_061,0.6,0.4,0.0,0.1,0.25,0.20299823633156966,0.10714285714285714,0.06778420478931257,0.30187631563975653,1.0,False,,False,False,fold_3,30,0.25,0.4444444444444445,0.26666666666666666,0.36363636363636365,"{""BEARISH"": 2, ""BULLISH"": 20, ""NEUTRAL"": 8}","{""BEARISH"": 14, ""BULLISH"": 16}"
v2_1_grid_062,0.6,0.4,0.0,0.15,0.35714285714285715,0.3148809523809524,0.1875,0.0917555227968258,0.39508247743541863,1.0,False,,False,False,fold_1,30,0.39999999999999997,0.4238095238095238,0.43333333333333335,1.0,"{""BULLISH"": 4, ""NEUTRAL"": 26}","{""BEARISH"": 1, ""BULLISH"": 20, ""NEUTRAL"": 9}"
v2_1_grid_062,0.6,0.4,0.0,0.15,0.35714285714285715,0.3148809523809524,0.1875,0.0917555227968258,0.39508247743541863,1.0,False,,False,False,fold_2,29,0.35714285714285715,0.4084967320261438,0.4482758620689655,0.14285714285714285,"{""BEARISH"": 3, ""BULLISH"": 4, ""NEUTRAL"": 22}","{""BEARISH"": 3, ""BULLISH"": 14, ""NEUTRAL"": 12}"
v2_1_grid_062,0.6,0.4,0.0,0.15,0.35714285714285715,0.3148809523809524,0.1875,0.0917555227968258,0.39508247743541863,1.0,False,,False,False,fold_3,30,0.1875,0.35294117647058826,0.2,0.3,"{""BEARISH"": 2, ""BULLISH"": 18, ""NEUTRAL"": 10}","{""BEARISH"": 14, ""BULLISH"": 16}"
v2_1_grid_063,0.6,0.4,0.0,0.2,0.35714285714285715,0.3148809523809524,0.1875,0.0917555227968258,0.39508247743541863,1.0,False,,False,False,fold_1,30,0.39999999999999997,0.4238095238095238,0.43333333333333335,1.0,"{""BULLISH"": 4, ""NEUTRAL"": 26}","{""BEARISH"": 1, ""BULLISH"": 20, ""NEUTRAL"": 9}"
v2_1_grid_063,0.6,0.4,0.0,0.2,0.35714285714285715,0.3148809523809524,0.1875,0.0917555227968258,0.39508247743541863,1.0,False,,False,False,fold_2,29,0.35714285714285715,0.4084967320261438,0.4482758620689655,0.14285714285714285,"{""BEARISH"": 3, ""BULLISH"": 4, ""NEUTRAL"": 22}","{""BEARISH"": 3, ""BULLISH"": 14, ""NEUTRAL"": 12}"
v2_1_grid_063,0.6,0.4,0.0,0.2,0.35714285714285715,0.3148809523809524,0.1875,0.0917555227968258,0.39508247743541863,1.0,False,,False,False,fold_3,30,0.1875,0.35294117647058826,0.2,0.3,"{""BEARISH"": 2, ""BULLISH"": 18, ""NEUTRAL"": 10}","{""BEARISH"": 14, ""BULLISH"": 16}"
v2_1_grid_064,0.6,0.4,0.0,0.25,0.35714285714285715,0.3148809523809524,0.1875,0.0917555227968258,0.3878583415348122,1.0,False,,False,False,fold_1,30,0.39999999999999997,0.4238095238095238,0.43333333333333335,1.0,"{""BULLISH"": 4, ""NEUTRAL"": 26}","{""BEARISH"": 1, ""BULLISH"": 20, ""NEUTRAL"": 9}"
v2_1_grid_064,0.6,0.4,0.0,0.25,0.35714285714285715,0.3148809523809524,0.1875,0.0917555227968258,0.3878583415348122,1.0,False,,False,False,fold_2,29,0.35714285714285715,0.38682432432432434,0.4482758620689655,0.25,"{""BEARISH"": 2, ""BULLISH"": 2, ""NEUTRAL"": 25}","{""BEARISH"": 3, ""BULLISH"": 14, ""NEUTRAL"": 12}"
v2_1_grid_064,0.6,0.4,0.0,0.25,0.35714285714285715,0.3148809523809524,0.1875,0.0917555227968258,0.3878583415348122,1.0,False,,False,False,fold_3,30,0.1875,0.35294117647058826,0.2,0.3,"{""BEARISH"": 2, ""BULLISH"": 18, ""NEUTRAL"": 10}","{""BEARISH"": 14, ""BULLISH"": 16}"
v2_1_grid_065,0.6,0.4,0.0,0.3,0.35714285714285715,0.3148809523809524,0.1875,0.0917555227968258,0.3811391223155929,1.0,False,,False,False,fold_1,30,0.39999999999999997,0.4238095238095238,0.43333333333333335,1.0,"{""BULLISH"": 4, ""NEUTRAL"": 26}","{""BEARISH"": 1, ""BULLISH"": 20, ""NEUTRAL"": 9}"
v2_1_grid_065,0.6,0.4,0.0,0.3,0.35714285714285715,0.3148809523809524,0.1875,0.0917555227968258,0.3811391223155929,1.0,False,,False,False,fold_2,29,0.35714285714285715,0.36666666666666664,0.4482758620689655,1.0,"{""BULLISH"": 1, ""NEUTRAL"": 28}","{""BEARISH"": 3, ""BULLISH"": 14, ""NEUTRAL"": 12}"
v2_1_grid_065,0.6,0.4,0.0,0.3,0.35714285714285715,0.3148809523809524,0.1875,0.0917555227968258,0.3811391223155929,1.0,False,,False,False,fold_3,30,0.1875,0.35294117647058826,0.2,0.3,"{""BEARISH"": 2, ""BULLISH"": 18, ""NEUTRAL"": 10}","{""BEARISH"": 14, ""BULLISH"": 16}"
v2_1_grid_066,0.65,0.25,0.1,0.1,0.25,0.2563492063492063,0.06666666666666667,0.15753118604891966,0.45247715247715253,1.0,False,,False,False,fold_1,30,0.06666666666666667,0.28571428571428575,0.13333333333333333,1.0,"{""BEARISH"": 5, ""BULLISH"": 8, ""NEUTRAL"": 17}","{""BEARISH"": 1, ""BULLISH"": 20, ""NEUTRAL"": 9}"
v2_1_grid_066,0.65,0.25,0.1,0.1,0.25,0.2563492063492063,0.06666666666666667,0.15753118604891966,0.45247715247715253,1.0,False,,False,False,fold_2,29,0.4523809523809524,0.6272727272727273,0.5862068965517241,0.45454545454545453,"{""BEARISH"": 3, ""BULLISH"": 8, ""NEUTRAL"": 18}","{""BEARISH"": 3, ""BULLISH"": 14, ""NEUTRAL"": 12}"
v2_1_grid_066,0.65,0.25,0.1,0.1,0.25,0.2563492063492063,0.06666666666666667,0.15753118604891966,0.45247715247715253,1.0,False,,False,False,fold_3,30,0.25,0.4444444444444445,0.26666666666666666,0.36363636363636365,"{""BEARISH"": 2, ""BULLISH"": 20, ""NEUTRAL"": 8}","{""BEARISH"": 14, ""BULLISH"": 16}"
v2_1_grid_067,0.65,0.25,0.1,0.15,0.35714285714285715,0.3148809523809524,0.1875,0.0917555227968258,0.39508247743541863,1.0,False,,False,False,fold_1,30,0.39999999999999997,0.4238095238095238,0.43333333333333335,1.0,"{""BULLISH"": 4, ""NEUTRAL"": 26}","{""BEARISH"": 1, ""BULLISH"": 20, ""NEUTRAL"": 9}"
v2_1_grid_067,0.65,0.25,0.1,0.15,0.35714285714285715,0.3148809523809524,0.1875,0.0917555227968258,0.39508247743541863,1.0,False,,False,False,fold_2,29,0.35714285714285715,0.4084967320261438,0.4482758620689655,0.14285714285714285,"{""BEARISH"": 3, ""BULLISH"": 4, ""NEUTRAL"": 22}","{""BEARISH"": 3, ""BULLISH"": 14, ""NEUTRAL"": 12}"
v2_1_grid_067,0.65,0.25,0.1,0.15,0.35714285714285715,0.3148809523809524,0.1875,0.0917555227968258,0.39508247743541863,1.0,False,,False,False,fold_3,30,0.1875,0.35294117647058826,0.2,0.3,"{""BEARISH"": 2, ""BULLISH"": 18, ""NEUTRAL"": 10}","{""BEARISH"": 14, ""BULLISH"": 16}"
v2_1_grid_068,0.65,0.25,0.1,0.2,0.35714285714285715,0.3148809523809524,0.1875,0.0917555227968258,0.3908613445378151,1.0,False,,False,False,fold_1,30,0.39999999999999997,0.4238095238095238,0.43333333333333335,1.0,"{""BULLISH"": 4, ""NEUTRAL"": 26}","{""BEARISH"": 1, ""BULLISH"": 20, ""NEUTRAL"": 9}"
v2_1_grid_068,0.65,0.25,0.1,0.2,0.35714285714285715,0.3148809523809524,0.1875,0.0917555227968258,0.3908613445378151,1.0,False,,False,False,fold_2,29,0.35714285714285715,0.3958333333333333,0.4482758620689655,0.2,"{""BEARISH"": 3, ""BULLISH"": 2, ""NEUTRAL"": 24}","{""BEARISH"": 3, ""BULLISH"": 14, ""NEUTRAL"": 12}"
v2_1_grid_068,0.65,0.25,0.1,0.2,0.35714285714285715,0.3148809523809524,0.1875,0.0917555227968258,0.3908613445378151,1.0,False,,False,False,fold_3,30,0.1875,0.35294117647058826,0.2,0.3,"{""BEARISH"": 2, ""BULLISH"": 18, ""NEUTRAL"": 10}","{""BEARISH"": 14, ""BULLISH"": 16}"
v2_1_grid_069,0.65,0.25,0.1,0.25,0.35714285714285715,0.3148809523809524,0.1875,0.0917555227968258,0.38924723042370096,1.0,False,,False,False,fold_1,30,0.39999999999999997,0.4238095238095238,0.43333333333333335,1.0,"{""BULLISH"": 4, ""NEUTRAL"": 26}","{""BEARISH"": 1, ""BULLISH"": 20, ""NEUTRAL"": 9}"
v2_1_grid_069,0.65,0.25,0.1,0.25,0.35714285714285715,0.3148809523809524,0.1875,0.0917555227968258,0.38924723042370096,1.0,False,,False,False,fold_2,29,0.35714285714285715,0.390990990990991,0.4482758620689655,0.25,"{""BEARISH"": 3, ""BULLISH"": 1, ""NEUTRAL"": 25}","{""BEARISH"": 3, ""BULLISH"": 14, ""NEUTRAL"": 12}"
v2_1_grid_069,0.65,0.25,0.1,0.25,0.35714285714285715,0.3148809523809524,0.1875,0.0917555227968258,0.38924723042370096,1.0,False,,False,False,fold_3,30,0.1875,0.35294117647058826,0.2,0.3,"{""BEARISH"": 2, ""BULLISH"": 18, ""NEUTRAL"": 10}","{""BEARISH"": 14, ""BULLISH"": 16}"
v2_1_grid_070,0.65,0.25,0.1,0.3,0.35714285714285715,0.3148809523809524,0.1875,0.0917555227968258,0.38640228021032974,1.0,False,,False,False,fold_1,30,0.39999999999999997,0.4238095238095238,0.43333333333333335,1.0,"{""BULLISH"": 4, ""NEUTRAL"": 26}","{""BEARISH"": 1, ""BULLISH"": 20, ""NEUTRAL"": 9}"
v2_1_grid_070,0.65,0.25,0.1,0.3,0.35714285714285715,0.3148809523809524,0.1875,0.0917555227968258,0.38640228021032974,1.0,False,,False,False,fold_2,29,0.35714285714285715,0.38245614035087716,0.4482758620689655,0.3333333333333333,"{""BEARISH"": 2, ""BULLISH"": 1, ""NEUTRAL"": 26}","{""BEARISH"": 3, ""BULLISH"": 14, ""NEUTRAL"": 12}"
v2_1_grid_070,0.65,0.25,0.1,0.3,0.35714285714285715,0.3148809523809524,0.1875,0.0917555227968258,0.38640228021032974,1.0,False,,False,False,fold_3,30,0.1875,0.35294117647058826,0.2,0.3,"{""BEARISH"": 2, ""BULLISH"": 18, ""NEUTRAL"": 10}","{""BEARISH"": 14, ""BULLISH"": 16}"
v2_1_grid_071,0.65,0.3,0.05,0.1,0.25,0.2563492063492063,0.06666666666666667,0.15753118604891966,0.45247715247715253,1.0,False,,False,False,fold_1,30,0.06666666666666667,0.28571428571428575,0.13333333333333333,1.0,"{""BEARISH"": 5, ""BULLISH"": 8, ""NEUTRAL"": 17}","{""BEARISH"": 1, ""BULLISH"": 20, ""NEUTRAL"": 9}"
v2_1_grid_071,0.65,0.3,0.05,0.1,0.25,0.2563492063492063,0.06666666666666667,0.15753118604891966,0.45247715247715253,1.0,False,,False,False,fold_2,29,0.4523809523809524,0.6272727272727273,0.5862068965517241,0.45454545454545453,"{""BEARISH"": 3, ""BULLISH"": 8, ""NEUTRAL"": 18}","{""BEARISH"": 3, ""BULLISH"": 14, ""NEUTRAL"": 12}"
v2_1_grid_071,0.65,0.3,0.05,0.1,0.25,0.2563492063492063,0.06666666666666667,0.15753118604891966,0.45247715247715253,1.0,False,,False,False,fold_3,30,0.25,0.4444444444444445,0.26666666666666666,0.36363636363636365,"{""BEARISH"": 2, ""BULLISH"": 20, ""NEUTRAL"": 8}","{""BEARISH"": 14, ""BULLISH"": 16}"
v2_1_grid_072,0.65,0.3,0.05,0.15,0.35714285714285715,0.3148809523809524,0.1875,0.0917555227968258,0.39508247743541863,1.0,False,,False,False,fold_1,30,0.39999999999999997,0.4238095238095238,0.43333333333333335,1.0,"{""BULLISH"": 4, ""NEUTRAL"": 26}","{""BEARISH"": 1, ""BULLISH"": 20, ""NEUTRAL"": 9}"
v2_1_grid_072,0.65,0.3,0.05,0.15,0.35714285714285715,0.3148809523809524,0.1875,0.0917555227968258,0.39508247743541863,1.0,False,,False,False,fold_2,29,0.35714285714285715,0.4084967320261438,0.4482758620689655,0.14285714285714285,"{""BEARISH"": 3, ""BULLISH"": 4, ""NEUTRAL"": 22}","{""BEARISH"": 3, ""BULLISH"": 14, ""NEUTRAL"": 12}"
v2_1_grid_072,0.65,0.3,0.05,0.15,0.35714285714285715,0.3148809523809524,0.1875,0.0917555227968258,0.39508247743541863,1.0,False,,False,False,fold_3,30,0.1875,0.35294117647058826,0.2,0.3,"{""BEARISH"": 2, ""BULLISH"": 18, ""NEUTRAL"": 10}","{""BEARISH"": 14, ""BULLISH"": 16}"
v2_1_grid_073,0.65,0.3,0.05,0.2,0.35714285714285715,0.3148809523809524,0.1875,0.0917555227968258,0.39508247743541863,1.0,False,,False,False,fold_1,30,0.39999999999999997,0.4238095238095238,0.43333333333333335,1.0,"{""BULLISH"": 4, ""NEUTRAL"": 26}","{""BEARISH"": 1, ""BULLISH"": 20, ""NEUTRAL"": 9}"
v2_1_grid_073,0.65,0.3,0.05,0.2,0.35714285714285715,0.3148809523809524,0.1875,0.0917555227968258,0.39508247743541863,1.0,False,,False,False,fold_2,29,0.35714285714285715,0.4084967320261438,0.4482758620689655,0.14285714285714285,"{""BEARISH"": 3, ""BULLISH"": 4, ""NEUTRAL"": 22}","{""BEARISH"": 3, ""BULLISH"": 14, ""NEUTRAL"": 12}"
v2_1_grid_073,0.65,0.3,0.05,0.2,0.35714285714285715,0.3148809523809524,0.1875,0.0917555227968258,0.39508247743541863,1.0,False,,False,False,fold_3,30,0.1875,0.35294117647058826,0.2,0.3,"{""BEARISH"": 2, ""BULLISH"": 18, ""NEUTRAL"": 10}","{""BEARISH"": 14, ""BULLISH"": 16}"
v2_1_grid_074,0.65,0.3,0.05,0.25,0.35714285714285715,0.3148809523809524,0.1875,0.0917555227968258,0.38924723042370096,1.0,False,,False,False,fold_1,30,0.39999999999999997,0.4238095238095238,0.43333333333333335,1.0,"{""BULLISH"": 4, ""NEUTRAL"": 26}","{""BEARISH"": 1, ""BULLISH"": 20, ""NEUTRAL"": 9}"
v2_1_grid_074,0.65,0.3,0.05,0.25,0.35714285714285715,0.3148809523809524,0.1875,0.0917555227968258,0.38924723042370096,1.0,False,,False,False,fold_2,29,0.35714285714285715,0.390990990990991,0.4482758620689655,0.25,"{""BEARISH"": 3, ""BULLISH"": 1, ""NEUTRAL"": 25}","{""BEARISH"": 3, ""BULLISH"": 14, ""NEUTRAL"": 12}"
v2_1_grid_074,0.65,0.3,0.05,0.25,0.35714285714285715,0.3148809523809524,0.1875,0.0917555227968258,0.38924723042370096,1.0,False,,False,False,fold_3,30,0.1875,0.35294117647058826,0.2,0.3,"{""BEARISH"": 2, ""BULLISH"": 18, ""NEUTRAL"": 10}","{""BEARISH"": 14, ""BULLISH"": 16}"
v2_1_grid_075,0.65,0.3,0.05,0.3,0.35714285714285715,0.3148809523809524,0.1875,0.0917555227968258,0.38640228021032974,1.0,False,,False,False,fold_1,30,0.39999999999999997,0.4238095238095238,0.43333333333333335,1.0,"{""BULLISH"": 4, ""NEUTRAL"": 26}","{""BEARISH"": 1, ""BULLISH"": 20, ""NEUTRAL"": 9}"
v2_1_grid_075,0.65,0.3,0.05,0.3,0.35714285714285715,0.3148809523809524,0.1875,0.0917555227968258,0.38640228021032974,1.0,False,,False,False,fold_2,29,0.35714285714285715,0.38245614035087716,0.4482758620689655,0.3333333333333333,"{""BEARISH"": 2, ""BULLISH"": 1, ""NEUTRAL"": 26}","{""BEARISH"": 3, ""BULLISH"": 14, ""NEUTRAL"": 12}"
v2_1_grid_075,0.65,0.3,0.05,0.3,0.35714285714285715,0.3148809523809524,0.1875,0.0917555227968258,0.38640228021032974,1.0,False,,False,False,fold_3,30,0.1875,0.35294117647058826,0.2,0.3,"{""BEARISH"": 2, ""BULLISH"": 18, ""NEUTRAL"": 10}","{""BEARISH"": 14, ""BULLISH"": 16}"
v2_1_grid_076,0.65,0.35,0.0,0.1,0.25,0.2246031746031746,0.06666666666666667,0.11993846578855245,0.3795518207282913,1.0,False,,False,False,fold_1,30,0.06666666666666667,0.28571428571428575,0.13333333333333333,1.0,"{""BEARISH"": 5, ""BULLISH"": 8, ""NEUTRAL"": 17}","{""BEARISH"": 1, ""BULLISH"": 20, ""NEUTRAL"": 9}"
v2_1_grid_076,0.65,0.35,0.0,0.1,0.25,0.2246031746031746,0.06666666666666667,0.11993846578855245,0.3795518207282913,1.0,False,,False,False,fold_2,29,0.35714285714285715,0.4084967320261438,0.4482758620689655,0.14285714285714285,"{""BEARISH"": 3, ""BULLISH"": 4, ""NEUTRAL"": 22}","{""BEARISH"": 3, ""BULLISH"": 14, ""NEUTRAL"": 12}"
v2_1_grid_076,0.65,0.35,0.0,0.1,0.25,0.2246031746031746,0.06666666666666667,0.11993846578855245,0.3795518207282913,1.0,False,,False,False,fold_3,30,0.25,0.4444444444444445,0.26666666666666666,0.36363636363636365,"{""BEARISH"": 2, ""BULLISH"": 20, ""NEUTRAL"": 8}","{""BEARISH"": 14, ""BULLISH"": 16}"
v2_1_grid_077,0.65,0.35,0.0,0.15,0.35714285714285715,0.3148809523809524,0.1875,0.0917555227968258,0.39508247743541863,1.0,False,,False,False,fold_1,30,0.39999999999999997,0.4238095238095238,0.43333333333333335,1.0,"{""BULLISH"": 4, ""NEUTRAL"": 26}","{""BEARISH"": 1, ""BULLISH"": 20, ""NEUTRAL"": 9}"
v2_1_grid_077,0.65,0.35,0.0,0.15,0.35714285714285715,0.3148809523809524,0.1875,0.0917555227968258,0.39508247743541863,1.0,False,,False,False,fold_2,29,0.35714285714285715,0.4084967320261438,0.4482758620689655,0.14285714285714285,"{""BEARISH"": 3, ""BULLISH"": 4, ""NEUTRAL"": 22}","{""BEARISH"": 3, ""BULLISH"": 14, ""NEUTRAL"": 12}"
v2_1_grid_077,0.65,0.35,0.0,0.15,0.35714285714285715,0.3148809523809524,0.1875,0.0917555227968258,0.39508247743541863,1.0,False,,False,False,fold_3,30,0.1875,0.35294117647058826,0.2,0.3,"{""BEARISH"": 2, ""BULLISH"": 18, ""NEUTRAL"": 10}","{""BEARISH"": 14, ""BULLISH"": 16}"
v2_1_grid_078,0.65,0.35,0.0,0.2,0.35714285714285715,0.3148809523809524,0.1875,0.0917555227968258,0.39508247743541863,1.0,False,,False,False,fold_1,30,0.39999999999999997,0.4238095238095238,0.43333333333333335,1.0,"{""BULLISH"": 4, ""NEUTRAL"": 26}","{""BEARISH"": 1, ""BULLISH"": 20, ""NEUTRAL"": 9}"
v2_1_grid_078,0.65,0.35,0.0,0.2,0.35714285714285715,0.3148809523809524,0.1875,0.0917555227968258,0.39508247743541863,1.0,False,,False,False,fold_2,29,0.35714285714285715,0.4084967320261438,0.4482758620689655,0.14285714285714285,"{""BEARISH"": 3, ""BULLISH"": 4, ""NEUTRAL"": 22}","{""BEARISH"": 3, ""BULLISH"": 14, ""NEUTRAL"": 12}"
v2_1_grid_078,0.65,0.35,0.0,0.2,0.35714285714285715,0.3148809523809524,0.1875,0.0917555227968258,0.39508247743541863,1.0,False,,False,False,fold_3,30,0.1875,0.35294117647058826,0.2,0.3,"{""BEARISH"": 2, ""BULLISH"": 18, ""NEUTRAL"": 10}","{""BEARISH"": 14, ""BULLISH"": 16}"
v2_1_grid_079,0.65,0.35,0.0,0.25,0.35714285714285715,0.3148809523809524,0.1875,0.0917555227968258,0.3908613445378151,1.0,False,,False,False,fold_1,30,0.39999999999999997,0.4238095238095238,0.43333333333333335,1.0,"{""BULLISH"": 4, ""NEUTRAL"": 26}","{""BEARISH"": 1, ""BULLISH"": 20, ""NEUTRAL"": 9}"
v2_1_grid_079,0.65,0.35,0.0,0.25,0.35714285714285715,0.3148809523809524,0.1875,0.0917555227968258,0.3908613445378151,1.0,False,,False,False,fold_2,29,0.35714285714285715,0.3958333333333333,0.4482758620689655,0.2,"{""BEARISH"": 3, ""BULLISH"": 2, ""NEUTRAL"": 24}","{""BEARISH"": 3, ""BULLISH"": 14, ""NEUTRAL"": 12}"
v2_1_grid_079,0.65,0.35,0.0,0.25,0.35714285714285715,0.3148809523809524,0.1875,0.0917555227968258,0.3908613445378151,1.0,False,,False,False,fold_3,30,0.1875,0.35294117647058826,0.2,0.3,"{""BEARISH"": 2, ""BULLISH"": 18, ""NEUTRAL"": 10}","{""BEARISH"": 14, ""BULLISH"": 16}"
v2_1_grid_080,0.65,0.35,0.0,0.3,0.35714285714285715,0.3148809523809524,0.1875,0.0917555227968258,0.38640228021032974,1.0,False,,False,False,fold_1,30,0.39999999999999997,0.4238095238095238,0.43333333333333335,1.0,"{""BULLISH"": 4, ""NEUTRAL"": 26}","{""BEARISH"": 1, ""BULLISH"": 20, ""NEUTRAL"": 9}"
v2_1_grid_080,0.65,0.35,0.0,0.3,0.35714285714285715,0.3148809523809524,0.1875,0.0917555227968258,0.38640228021032974,1.0,False,,False,False,fold_2,29,0.35714285714285715,0.38245614035087716,0.4482758620689655,0.3333333333333333,"{""BEARISH"": 2, ""BULLISH"": 1, ""NEUTRAL"": 26}","{""BEARISH"": 3, ""BULLISH"": 14, ""NEUTRAL"": 12}"
v2_1_grid_080,0.65,0.35,0.0,0.3,0.35714285714285715,0.3148809523809524,0.1875,0.0917555227968258,0.38640228021032974,1.0,False,,False,False,fold_3,30,0.1875,0.35294117647058826,0.2,0.3,"{""BEARISH"": 2, ""BULLISH"": 18, ""NEUTRAL"": 10}","{""BEARISH"": 14, ""BULLISH"": 16}"
